Gene,Seq,Position,Strand,# sgRNAs on gene,pVal,log fold-change
cysZ,ataacgaaacgccgaatccc,2529563,forward,4,5.8823280959753e-37,-3.00059703671414
dcuB,acatcaactggtggtttacc,4346616,reverse,5,2.32511915679759e-101,-3.84829095832543
cydC,aagtgtcaacagaccgatac,928305,reverse,4,7.3799210532296e-89,-7.57351974908629
aceA,ccacatcttccgcactgtat,4215209,forward,4,2.38188112347251e-13,-2.47751422395297
agp,tagctgatagccttccggta,1064881,forward,4,1.95805485496871e-22,-2.45607798426055
apaG,ttgaacctgaatacacactc,51571,reverse,4,2.49391172293913e-15,-3.39545591064207
apt,cggaaaagaatgccgggttt,490702,forward,4,4.1929994176877e-39,-2.35636278914156
araA,gtgacctgacgcagggtttc,68255,reverse,4,1.00278467125892e-91,-4.43813103195776
bcp,aaatttcggtgcgatatcac,2598519,forward,4,2.56331213034666e-42,-6.19013933400785
bglF,tccaccaccataataatacc,3903460,reverse,4,1.52539281984332e-29,-4.00916325401107
bioB,ccagcgtgggcggtgagcca,808568,forward,4,1.07619157188298e-170,-8.86526329331527
bioF,atccgccaccagccagcgtc,809695,forward,4,3.80732229359475e-117,-4.16246408642428
btuE,gacaatcaacagcacattac,1792041,reverse,4,2.43641118343788e-26,-3.26632905824194
cadB,accgctccccatcatattac,4357983,reverse,4,1.34189504569553e-34,-9.30392807185644
chbC,tacaaacatggcccccgcaa,1819101,reverse,4,1.29542845234077e-86,-8.0825001517034
crr,ttaccaatggtgccgtctac,2534045,forward,4,6.72080992169222e-63,-2.8603782653671
cyaA,gtttcagagtctcaatatag,3989184,forward,4,3.53073085494028e-06,-2.92691140257939
cysP,gttctttttcagtaagttaa,2541524,reverse,4,7.40073500698788e-10,-3.22208340860722
acpS,gtgccaggcgatcaccggat,2698936,reverse,4,2.23248931013101e-60,-3.21340770240832
dsdX,atagcatttaccatatccag,2476013,forward,4,2.74640391444323e-24,-3.29143996718607
fecD,taacagcgcacagcccgcca,4510381,reverse,4,5.8675177239147e-104,-3.37470791119954
fepB,aagggcgttgcggtagagcg,623701,reverse,4,9.57037484628808e-75,-3.97280982586788
fis,cgagtcacgcaggggttttt,3409363,forward,4,2.30228246556605e-24,-2.904827296081
fldA,cttcgccgtaataccaggtt,710505,reverse,4,3.99678913148821e-155,-6.18607613302096
frdA,agcacgtaatcccgcgccac,4380282,reverse,4,3.25661491145631e-160,-5.11323850269168
frdD,ccgaagaggccccagaatac,4377334,reverse,4,3.63083120347847e-160,-5.23211949896302
ftsE,gtcagaaacgccatctcacc,3600670,reverse,4,1.90484310133225e-07,-3.39719149923059
fucK,aatcgctcctgcaatatagc,2935470,forward,4,1.60235379317523e-69,-4.86335580882721
fucO,ccctgcagcatccatcttat,2930862,reverse,4,1.09275700089147e-32,-2.8156331257287
ispG,atgggagcaccatcgccaat,2639744,reverse,4,7.57232745095458e-128,-4.82796551628882
rsmG,aggcaataagctggtttttc,3921625,reverse,4,7.03764599780652e-70,-9.92272727651883
glgA,gtcacgccacggcgaatatc,3565902,reverse,4,4.62295671441708e-85,-3.97961252383853
glgP,catgtttattggcgacgacc,3564487,reverse,4,1.80421771871974e-46,-3.67468301842415
glpB,gagtgacaatggcacagcgc,2352364,forward,4,2.95384490022323e-99,-3.15877175904741
glpD,ctgcgcctccagcatcagca,3560121,forward,6,1.53140601030037e-147,-5.88754409816304
glpR,ggtcgcggcgaatagtctgc,3558511,reverse,4,1.19412651899882e-38,-2.27772227751492
hipB,tctgcgtccagccattttgc,1590382,reverse,4,1.37950251814291e-82,-4.91938938369015
hisD,ctttcagaggcggaaatcgc,2089193,forward,6,8.89171471007265e-40,-5.57078754656194
hisG,tgttttctgccatcgcgatc,2088332,forward,4,1.71378069599416e-61,-6.02826018281777
hyaD,catactcgggccagtggtaa,1035088,forward,4,3.53403680588795e-73,-3.74913117852453
hycE,gatctttggtctgccaggcg,2844400,reverse,4,3.01809550088302e-51,-2.90159293601739
icd,ttccatcaccttcaatgtaa,1194435,forward,4,7.53580922274665e-34,-3.90090921232122
ilvD,catgagtggtggtggcggaa,3951515,forward,4,7.04151218117467e-40,-2.36143166017607
ilvH,cgagtaagactgataatatc,87365,forward,4,4.04000592686465e-33,-8.68293837043669
ilvI,aagcgatcggacgaccatct,85652,forward,4,2.43022704420623e-164,-7.91484349164532
lacI,gcgacatcgtataacgttac,366706,reverse,5,4.64371612693838e-55,-3.27399559200502
ligA,tattcagcgtcgggaatttc,2528095,reverse,4,7.74261499755959e-26,-6.6615750941195
lit,ttctctggtgcaatcttaaa,1197966,forward,4,1.04732142013085e-06,-6.20806703965156
lon,tcaatgcgttcagaacgctc,458121,forward,4,8.24024689238787e-74,-4.78040647340609
manY,tgatcccatacctgcgatac,1901152,forward,4,8.22093219849761e-64,-2.04262491151938
menD,gaatgaccgccgcccagcgt,2377239,reverse,5,7.16729875267758e-73,-3.35343512586484
mglA,aagtgccttaacaccaggaa,2237225,reverse,4,9.09361792666878e-72,-3.75324888379258
mtr,caagcagcgacggtgacgtt,3303797,reverse,4,5.06007268876973e-225,-8.63369051546585
emrE,caccaccaagataaatataa,567546,forward,4,4.16455427258819e-11,-7.02052773014781
narL,tcaatcagcaggatagtagc,1275015,reverse,4,1.61545507572606e-94,-5.14574360120872
narV,acaccgtcgcacaaatgtac,1534581,reverse,4,1.15334072591388e-117,-4.66855574944556
nirC,acccacatacgcgcccgcca,3495122,forward,4,4.98558413472382e-47,-3.06253884050387
nrdA,gtgggagcgcagctcgacct,2343005,forward,4,1.63026179583512e-55,-3.42776552557539
nadE,gtgattcgttgccggtttcc,1820688,forward,4,3.31318437592139e-19,-2.09524526417304
nupG,cttcagggtaacaaacatat,3103818,forward,4,8.66952017446738e-11,-2.19995905620826
ompC,tgttgtcagagaaatagtgc,2310630,reverse,4,2.32351433838152e-35,-2.17524264438483
phoA,gtcacaggggtaaacagtaa,401007,forward,4,3.28333522707474e-10,-2.11759592412112
phoP,atgttcattgagataataat,1189542,reverse,4,1.1339878328738e-10,-7.15049436683651
pstS,agcactcatcgataaggtcg,3909489,reverse,4,6.93206436817191e-55,-2.0948947526043
pldA,gtcatgctcctgcagcatat,4003006,forward,4,2.32609136401449e-48,-3.09369006282024
potE,tgtcggcagcatgatgatac,717393,reverse,4,7.93928246173701e-105,-5.99068438300081
proW,ccaggcgtctgcggattgcg,2804084,forward,4,2.38933895802522e-24,-2.00091000474256
pstC,attatgtcgccctttttacc,3908369,reverse,4,2.95745645567267e-26,-2.48694290766101
ptsI,ctttaccgaaagcgataccc,2532114,forward,4,6.45936620725559e-163,-5.61790436791408
purH,aaacactgagcagagcgcgg,4205513,reverse,4,7.26276213217497e-54,-3.9414056520507
queA,cagggattcgggcaattcaa,424257,forward,4,4.9547516135589e-31,-7.03064195537598
rbsK,ttaccggttacggtttcgcc,3935398,forward,4,2.91544094869773e-50,-5.86383792965608
recC,gcacgtccagacgattggaa,2960414,reverse,4,1.37494248488826e-39,-2.93052402778878
recO,gcgcgctgccagccttccat,2700472,reverse,4,1.18601438109054e-118,-10.9375467931783
relB,tacacccattttttcaagcg,1643822,reverse,4,6.83245191982871e-33,-2.47851391160457
rimI,tgttcaatgtggtaagccgc,4606247,forward,4,5.78053962212702e-73,-7.40882935066167
rpoN,gcatcgagcggcagctcttc,3342976,forward,4,1.08475917600454e-72,-3.84224254542144
sdhC,gtctgtaggtccagattaac,754430,forward,4,8.81968173684961e-40,-3.28511074938147
sdiA,taggtcgagtgaatggtacc,1994691,reverse,4,2.05396460438234e-120,-8.25605803397235
serA,gcctttgtgaaattcgatgt,3056313,reverse,4,6.20289967292882e-47,-2.66613870589455
sohB,ttgagcaacattgacaataa,1327435,forward,4,2.1395161340841e-10,-2.03394939649424
soxS,gcgactacatcaatgttaag,4275324,reverse,4,7.37710690016672e-30,-3.52346715656674
speD,aatataaccgtcgcgctctt,135475,reverse,4,1.97970609707471e-12,-2.64045154976125
srlE,aatcgcaggccgggtaccgg,2824508,forward,4,7.05938663759367e-86,-4.64282912742708
gutQ,ttcacagtgcaggatgatat,2827941,forward,4,8.16616520465037e-23,-2.21608908497222
sucA,gaggtaagaagagtccaacc,757954,forward,4,2.76569610342455e-55,-3.23515436046673
tag,gcacgccccactcattatca,3711165,forward,5,4.32870599376122e-27,-8.83451443877176
mnmE,atgccaacgccgccacgtcc,3884893,forward,4,4.3435720965403e-36,-2.60420242893805
thrA,ggcattgctttccagaatat,401,forward,4,3.93925518571703e-35,-2.51772765202642
ptrB,cgtcatggcgtggggaatgc,1926825,reverse,4,1.38583613560594e-13,-2.73773714243636
tnaA,cttcgctatccagcaggaac,3886866,forward,4,1.83108399780503e-16,-3.06122770190265
tnaB,accccagaaaaaccaggcac,3888365,forward,4,8.90119655120608e-129,-3.90426092588898
tolQ,cgccgctgcgttaagaatac,774494,forward,4,4.61099225556408e-22,-6.78707704512166
trmA,ctgttctgttggaaggtgtt,4161264,reverse,4,3.34314347418803e-31,-8.68957254751158
trxA,tgtcaaaactgtcgtcagtc,3963807,forward,4,4.13487976097146e-59,-2.66942411184448
xylE,tatataactggaattatact,4240248,reverse,4,0.006502977853458,-4.6256446795933
rihC,caatgccggggtcagtatcg,27313,forward,4,3.11821506005916e-46,-2.9956151177899
crl,acttaccttcacgaatatac,257891,forward,4,6.62983811595855e-52,-6.38461603407423
acpH,tcgattatattctatccaaa,424142,reverse,5,0.0368769294395323,-2.3847690858819
ybaB,cagacctgcgccagattcgc,493403,forward,4,2.88464697899629e-36,-2.36194383103809
aes,gcgggccagggcggtaaatc,499100,reverse,4,2.88960824858787e-26,-2.26861371204532
ybgA,cgataagcgcagccagctgc,738562,forward,7,1.00499895278836e-48,-4.77688318931858
ybgC,tcttcatagtagacgcgaac,774002,forward,4,6.21478160324138e-34,-2.28693953499692
uvrY,tccctgcgcgcaccagttcg,1993335,reverse,4,1.96815011465239e-78,-3.27498063631493
ppdB,atcttccagcgccagcttac,2961592,reverse,4,6.66483998960974e-64,-2.98673985957702
ygeA,cgccactttatgcatcgtat,2978388,reverse,4,4.36825902913746e-48,-4.45915380830249
ygiA,agcgagaagggggaagaatg,3177684,forward,4,8.92703370746104e-16,-2.35048491752721
zupT,gccagtatggtcagaatgag,3180584,forward,4,4.68342446883115e-181,-6.80094004496945
yigA,aacgaaacggtgccgcgtac,3993744,forward,4,2.55971580121126e-06,-4.20263220291893
yjjA,aattaatgcgctggcggcaa,4598156,reverse,4,3.76958293562332e-34,-8.93011017928941
creA,ccaatggccccagcattatc,4633579,forward,4,5.57332680845665e-16,-2.27123456557277
ydiB,taaactgtggcggataggat,1771856,forward,4,3.00531575614567e-26,-2.30162990995982
ybhA,agcaatcacgcgtgtggtca,797634,reverse,4,6.73008201548016e-40,-3.53619888905465
yggE,gtaccggaggtgacaatatg,3065999,reverse,4,2.83127054402015e-77,-3.5989568814728
chpS,tgcgcctccacgctctgccc,4446554,forward,4,1.7675602562865e-31,-2.20748170948847
iraP,cgtatcgtcgtcaggaatgc,400800,forward,4,2.44020284034556e-41,-3.69283711591038
lipA,cgggataagggccatcttat,659371,reverse,4,8.91814170682232e-41,-5.46243092833836
ubiH,gtcgcttcaatcaaatgtac,3051437,reverse,4,6.43698604439701e-35,-2.30660660775078
waaQ,gttttcagacaaaataggga,3805999,reverse,4,7.67755615996891e-20,-2.12030221432515
fliZ,gtttaaagtctttaagatag,1998991,reverse,4,0.000787429972661909,-3.78920940123417
asmA,cgtcgtcagaaatcgtctca,2139616,reverse,4,1.0451968298896e-54,-2.0025109895017
appB,cagcgaggatcaaccagacc,1038701,forward,4,5.89988219307584e-106,-2.63134320906153
elbB,catcggcctgggccagagga,3348235,reverse,4,2.08885295230438e-30,-3.72998656890322
dps,ttttgatttaactaatttag,848105,reverse,4,0.00593840262546091,-2.9408331493283
nrdD,gctgattttcaactgcggtc,4460479,reverse,4,5.4547377560505e-24,-4.40222007535712
waaL,tttcaatgaatgaagtttaa,3794984,forward,4,9.58179879075967e-07,-6.13688761446031
yjaZ,acccaaaagcgatactctaa,4187929,forward,4,8.20906206379522e-18,-5.83129677083321
prlC,agaaaacggaggcaattcaa,3643161,reverse,4,6.45158262247326e-15,-3.65429280817441
rffC,gggagaatcccagctgttgc,3972666,forward,4,1.07538953574909e-96,-5.4377970782572
yifK,tactggcggcccccataaac,3978999,forward,4,7.4798577171059e-56,-2.44800157925004
corA,tgactcttcgacttccagcc,3999489,forward,4,2.4528032687293e-35,-2.80320449711807
yigP,tccttcagcggcgatatcac,4018029,forward,8,2.66647334617065e-80,-5.15766698149413
wzxE,accaatcttgaccagtgtac,3974338,forward,4,1.2518636906724e-51,-7.03157699341432
hdeD,acgaggaaaccggataatac,3655252,forward,4,1.19431270240502e-31,-5.51470608477424
adiA,taatcacggtaacattttgc,4338436,reverse,4,6.63010484821062e-44,-4.39234728929337
ppk,atagaactcatcaaggttat,2621196,forward,4,1.11954501385276e-08,-2.20878258606332
mog,gtcagccattcttccagcgc,9384,forward,4,4.19579505847423e-68,-5.39435606395633
ydcC,taacttatgttccattttcc,1529898,forward,4,3.66312890581453e-08,-3.20509759222538
kup,atcgccgcgagggtaatcgc,3929369,forward,4,4.6770216979936e-172,-8.92969509150891
hypF,tatcaatacgcgccagcggc,2835231,reverse,4,1.14540419931566e-28,-2.24184144396803
caiC,ttaactcaagataactatac,37695,reverse,4,0.00317170003361995,-2.71747505381463
fixX,gcttcttgtacagacctgcg,45594,forward,4,7.44939859307778e-63,-9.67895639951615
kefF,gcaatatcgatattgaagtc,47366,forward,4,1.31747883193898e-24,-3.86340249696864
sseB,gtagagtacggaaaaaggcc,2652868,reverse,4,4.50014003582436e-19,-2.15645479041888
ychG_2,gcgcccctgtctgtgcggtc,1294205,reverse,4,5.01501207327718e-14,-3.02488612805233
potF,caaaattggccaccgtgtcc,893135,forward,4,2.47388095488922e-146,-11.1423847333829
ydeJ,tgtcaggttttcaatagtat,1622840,forward,4,4.51326065358598e-15,-7.37478318608409
psuK,ggcgtaaattttattttacc,2257203,reverse,4,2.67687916277489e-16,-7.48643206576881
bacA,ccgccagaattgatcctaac,3201976,reverse,4,8.57736734632103e-54,-3.24924321322092
folB,atcacgtcctgcctgctttt,3202610,reverse,3,1.43194740164055e-51,-3.1118892768253
setC,gcccgcaatacccgtcagaa,3835046,forward,4,4.91639426138228e-167,-11.4326558448991
galM,agtcggtacggctgaccatc,788011,reverse,4,6.73291900441462e-208,-8.43999709557244
udk,caattcacgataaagggtac,2140877,reverse,4,4.16502160968499e-52,-5.71113890358683
yidK,tgttttgcggaccttccacc,3858059,reverse,4,2.49415548258124e-46,-3.38544295330905
yidL,atcaataagggaatattgta,3858351,forward,4,7.22033826335442e-09,-3.15533118263847
viaA,tcaaagaagaccgccagctg,3927517,reverse,4,9.63426860628552e-10,-2.02039879915673
hsrA,atgagcgattgcgggtaagg,3938519,reverse,4,3.39613668016771e-40,-2.68682640289993
yddA,tatcaacatacgaagcgtaa,1577331,reverse,4,2.11215686986341e-27,-2.99625939069579
yibH,tttgcgcggtaaaagtgtaa,3769228,reverse,4,1.91180825848641e-33,-7.07007409769068
yibJ,tgagctgctgcagatgatgc,3765504,forward,4,5.42999955527523e-19,-2.0732546177483
ybfF,cgatgggagaattattgtgc,711968,reverse,4,3.68112289665411e-13,-2.29036118924786
ygdD,ctggatccagcccatctcaa,2939531,reverse,4,3.70688527940886e-38,-7.28230250819085
hybA,gcccgtcagcaatgccccgc,3143109,reverse,4,6.58031054183129e-79,-3.60819519383073
hybC,catgccgcgccacatggtac,3140889,reverse,4,2.94058141945137e-95,-6.76061916011719
hybE,cttgcgccttcggggaggtc,3138776,reverse,4,4.49995819031642e-52,-7.57532646625239
aidB,ttgctgttatttaatggtat,4412334,forward,4,1.28972854330444e-12,-4.38824525252785
ispF,cgtacgccaccaatgataat,2869732,reverse,4,1.31330533981587e-79,-5.91131509293133
yceI,atcggcggcaaccgctgaac,1117628,reverse,4,7.55518266800774e-42,-4.32832611922144
yghB,taaacaacgctaacaatatg,3151651,forward,4,5.12006783429617e-27,-3.70642865864196
yihX,gagaactgctcgtagcttag,4073780,forward,4,1.84470499876759e-53,-4.61187192385489
fdhD,ccgttgtagaccagcgcaac,4084165,forward,4,6.32648247488548e-49,-2.96290962198279
yiiG,catgatggcgactataatag,4085050,forward,4,2.28113110748904e-14,-3.48080093134109
yjbE,gccgcttcgcccacctgtac,4233998,forward,3,1.12294904818075e-40,-3.50480160927799
yjbI,ttcaatatcattgcattatc,4249587,forward,4,6.49231786515191e-05,-2.50630033595961
adiY,acgccatatggttagcttta,4335844,reverse,4,6.53365591391379e-09,-2.04474511369949
fliR,gcagtaacggccagaagtac,2020961,forward,4,1.0210978851792e-108,-3.60415203612027
wbbJ,accatcattgcgaatatagc,2102977,reverse,4,1.12002042190804e-66,-3.3229417918275
yehM,cgcaggccggactatgatgc,2203746,forward,4,1.11687167494382e-26,-2.84404634542784
bglX,aataaatcatccgccagtgc,2219941,reverse,4,1.2648667050309e-22,-2.8639553199751
psuT,tgttctactgcccattttcc,2255185,reverse,4,2.19059709266667e-91,-5.56093096347602
yejA,gtaccggggttcgcccagca,2270474,forward,4,6.0330769142186e-100,-4.03797073690942
ccmF,gcagcgcaattcccagcgcc,2292872,reverse,4,2.75236820449742e-71,-4.56966971260184
ppdA,atagtcccgcgcctggctgg,2962053,reverse,4,3.45422812343904e-52,-3.3904819093993
nuoC,cggatcatcaagatgatcgc,2401808,reverse,4,8.52743827950316e-66,-2.80651090537952
nuoN,gttttgtggagttattgtca,2389507,reverse,4,4.05703203352059e-10,-2.10286533673493
efp,gcaaatgcctggcctttacc,4373818,forward,4,2.18314302200536e-20,-3.8948345751547
ydcF,cggcgaaagcgtcggaaacg,1485272,forward,4,7.84090581636314e-96,-6.23465369076482
alpA,tggtaaccgtagtattctaa,2756685,forward,4,6.6447423464198e-10,-6.67108785276365
yjjG,gaggcaatcagtgtttacac,4607334,forward,5,1.56021989895285e-09,-4.35540572780172
smtA,ggtggtgccgtaaatgttac,972803,forward,4,1.04315018599144e-19,-4.00841659985782
ccmD,tcattccaggaagcaaatgc,2293580,reverse,3,3.8113960754554e-73,-3.19628625913111
yjjI,tgtgttagaattctaacata,4614685,reverse,8,4.14756330831963e-07,-3.79732612208747
pagP,cgtgcatgccaggtgatggc,655939,forward,5,7.73372274066713e-24,-2.2109808149868
glnK,cttgaatggtttgattatca,471838,forward,4,7.49679140110936e-21,-4.06707710263142
yegD,ctgccggaacatcatgatgg,2145853,forward,4,8.39767309613782e-12,-2.19705200957055
rbbA,agttgcgcgacaggcgggac,3627518,reverse,4,2.54722311349817e-17,-4.20715026305624
yhiJ,aacctcaccgagcattgtcc,3630446,reverse,4,4.42379814356406e-34,-2.45136282854277
yhiN,cgcaccagcgcctataataa,3635395,reverse,4,3.49826131236353e-06,-5.9711406973494
mdtF,acctgcaagcatcataataa,3658486,forward,4,2.16636185285692e-47,-7.63527077447446
yiaF,tacgcatcactgtattctgc,3716926,reverse,4,3.90103781836637e-58,-4.69491682118578
ysaA,cactgcgcaagccacttcac,3739534,reverse,4,2.28773701857156e-32,-3.52556372999857
yiaK,ccagttgttgaatgaaacga,3740905,forward,4,1.75112082359865e-25,-2.00195745758008
yiaM,aatgtttataaatacaatac,3742403,forward,4,0.00634542597130097,-3.42723382142713
yadH,taccgaagataataaagtaa,143812,forward,4,1.11546560597511e-10,-4.23046610312891
yadL,agagtcatttactaatgtag,152070,reverse,4,4.04188365047671e-10,-6.88789340219311
yadM,tcttatccagacccatctta,152611,reverse,4,2.71196298295154e-11,-2.0026922754227
ligT,cgttgcggttcagacatgtg,162015,reverse,6,1.81783822650852e-06,-2.08060448783366
ybcF,tgccagcgcgggtacagcac,549753,forward,4,1.618481176735e-163,-7.70819337930425
ychN,tggtttttgcccgcgcaacc,1272658,reverse,4,7.46702317394428e-44,-2.9438083334587
gatA,ggtatcatgaaccacacctt,2172967,reverse,4,6.37330139346278e-146,-7.15469074475123
gatB,ttcttccgccgccatcgtag,2172523,reverse,4,9.34418329487968e-15,-2.73062561766218
puuR,gtgagtcagcccggagagtt,1360017,forward,4,6.22335012166552e-53,-3.52916956877252
ydiF,ttaatacgaggtggttttac,1773620,forward,4,8.62639210371449e-18,-8.18290293162987
rluB,cgatttcacggcgagaaccg,1324917,forward,4,2.7477349209293e-22,-2.78210485688689
yfjD,ccatatgtcgcagacgatag,2746900,forward,4,1.14047002005769e-82,-6.2150125966535
gntP,cagcggcgctaacatgataa,4548939,reverse,4,7.66265375188604e-105,-6.03548480827538
caiE,aacgccgtcgggtgaaccac,35319,reverse,4,1.07656474698737e-105,-5.0238355645971
yabP,ctcatatttaaaagtgtaac,58501,forward,5,7.54015805946337e-09,-6.58557892612585
yceK,attgcacaccgggataatat,1112897,forward,4,5.48181168277586e-11,-2.87067576501339
tynA,caacgccagggttgttttac,1449326,reverse,4,6.71568118276008e-102,-4.53374118656135
dgoA,acatgcgccagcgcctcgtc,3871562,reverse,4,5.61559393098269e-202,-9.40556907046803
micF,ataaagttaatgatgatagc,2311106,forward,4,1.16531886023248e-05,-3.53845029863241
rrsH,ccgctggcaacaaaagataa,224885,forward,4,1.35887764144618e-25,-4.92700166335464
folP,ggatccccattacgtgagga,3322873,reverse,4,1.93697581311004e-14,-2.18233613938703
sraB,tcaaagaaaaaggcagcctg,1145963,forward,3,7.64196304069987e-16,-3.79873322877369
gcvB,gacagacagggtaaatgtac,2940860,forward,4,8.30031255306204e-49,-4.14363549317089
sibD,gatgaagctcgtcatcatac,3192790,reverse,5,2.70662244693745e-31,-5.87616180375423
sroH,ttcttcagtctgctgcatcc,4188461,reverse,4,4.84199498608941e-17,-2.11735119769992
pdxB,gattggacgcccgggaaccg,2435784,reverse,4,3.69788939627348e-103,-9.05587575130721
torI,gcaggtcgcctgacttaatc,2474421,forward,4,8.21260234562842e-29,-2.06226687889628
sapA,ccaaaagagacgataatacc,1355107,reverse,4,1.85233895874254e-39,-3.36376816918069
maa,ccgccagggaatgattgtat,479022,reverse,4,3.31942063113694e-35,-7.09298066122115
ldhA,aggactcgttcacctgttgc,1440801,reverse,4,5.72291235733819e-32,-2.17511396304936
yaaY,catcactacgtaacgagtgc,21189,forward,4,1.68853938386409e-30,-3.56459538364448
tilS,ggccaccagaatctggcgtg,212365,forward,4,8.16034998676285e-22,-2.620705295695
rof,gtgtcagcattaaatgatgc,213851,reverse,4,1.38455792390109e-27,-2.16390576778206
yafO,gcatcgcgaccaaatatatc,252406,forward,4,2.05728035582862e-35,-5.30791161064741
yagH,gggttgaagccggtgagtat,286031,forward,4,2.37318314250472e-39,-9.03101137562696
yagJ,ccacgccttcgccagtctat,290797,forward,4,5.84439584740913e-11,-7.12679091046131
yagN,acagttgctggggttgccat,294784,reverse,4,1.2732778949907e-09,-2.40917920499214
ykgJ,aatagtaccgccagcatcgt,303308,reverse,4,1.15263529080493e-07,-2.00575914303045
ecpA,tggcgtcacaaccagcttac,309749,reverse,4,3.15800338290051e-49,-6.12139100986093
ykgC,gatgcagccgatattaatac,319079,reverse,4,4.07907049569141e-11,-2.52165640594018
ykgH,tcacagctaacaagtatacc,324389,reverse,4,7.14639223172874e-13,-4.79705067580378
yaiU,tcggagtgaagaatattacc,393638,forward,5,9.27810102951357e-12,-7.0053725446191
proY,cgcgataccaccgataatat,420352,forward,4,3.48976167265975e-10,-3.39530106032543
thiL,caagacgagaacttcttaca,434902,forward,6,6.62648684363954e-16,-3.21120772179768
copA,taacgcagtgaccgcaggac,510549,reverse,4,3.00487085401413e-78,-4.47803723921794
ybcK,gagtcgccagacatctgacc,568164,forward,4,2.1063493845915e-74,-4.10627213709257
ybcL,accttcaggaacaccagacc,570285,forward,4,6.06680922325087e-13,-3.0661505084048
cusC,caaaatggcagaagtttaca,594832,forward,4,6.56558683466634e-39,-5.50139433844228
rnk,aggtcgttaatgatgatagt,643159,reverse,4,5.90461123471304e-45,-4.52986084945844
citT,atgacacccatcaccaccag,645742,reverse,4,2.24196284431417e-128,-3.83124896889466
dpiB,atcagcaaaaagatacgcag,651515,forward,6,5.12422103154596e-88,-10.2216128072227
ybeY,gtctgaaactggctctcttc,691488,reverse,4,2.24882563042737e-70,-2.76630662713813
modE,taatttttgttggagcttaa,793823,reverse,4,5.05794528029056e-06,-2.22864593798935
ybhI,cttgataaccagccccacaa,801237,forward,4,8.6259974493805e-162,-6.04962806778144
ybhM,cattggtggtgaatcatatt,820164,forward,4,1.76003154071442e-11,-2.47658153738295
ybhN,ttctttgctaagcgccagcg,821684,reverse,4,3.68877855740911e-66,-6.30493936770637
ybjG,caaagtaccacggccagcaa,882475,reverse,4,2.56270254912106e-51,-2.58228286752596
ybjO,gaggccacggatcataataa,897306,forward,4,2.1624925197394e-39,-5.64765561033902
amiD,atgcgagctgacctgcttat,904329,forward,4,2.98290907507989e-154,-11.3487143299642
ycaQ,atcataatcatttatgcgac,969836,forward,6,0.000241054874569879,-5.36116340442335
ssuE,aaagcgaggactacccgcca,996700,reverse,4,5.2227072074928e-104,-3.49624819138357
elfC,gcactccaccagagcttaac,998468,forward,4,3.93204270618252e-163,-6.40947953604107
uup,agtttctgcttttgccgcgg,1010829,forward,6,1.48793442640669e-11,-3.13147664675012
yccT,aatcaaggtggtcacgatgc,1026967,reverse,4,6.47674122045029e-27,-4.28306556799707
etp,ggattgagttaaattttagt,1043872,reverse,4,5.02967549949729e-06,-3.39465455915066
rutD,ctacgggcgcatcagcataa,1070943,reverse,4,1.47563620552246e-33,-2.9468159570567
ycdT,agcaatcattaccatcagat,1092226,forward,4,1.1373933776349e-44,-4.48582513011571
ymdE,tcaaggaaagctaccggggt,1094938,forward,4,1.66810518178474e-38,-3.47043162149842
nagZ,ccttcgacatccaacattac,1163327,forward,4,2.2792546337256e-71,-6.81486906806861
ycfS,ggccaggtgttggcttttgc,1169503,reverse,4,8.51199588796918e-21,-2.88726310593714
ymfQ,ggtgccgcaccggcaatcgc,1206217,forward,4,2.46352184394111e-21,-2.1385043923333
stfE,ggcggagtggctgaaggcca,1208775,reverse,7,1.85419632627548e-07,-2.01028833738191
ycgH_2,tcggggcgcaggacgggggt,1220483,forward,4,3.17133388854161e-52,-9.55903671108566
ymgG,cgccccttcgaggccattgc,1221924,reverse,4,7.20680906351426e-65,-4.59777866541111
cvrA,tatactgctggtgacaagga,1241232,reverse,4,1.17116056953058e-43,-3.23311921505139
ychG_1,gcgcccctgtctgtgcggtc,1294205,reverse,7,5.01501207327718e-14,-3.02488612805233
ymjA,caatatcaaaatattttagc,1355656,reverse,4,2.27858308822599e-05,-5.7146630825451
puuA,gcgtattcgggtagcgctcc,1358821,reverse,4,3.58707558903059e-142,-4.94944530058102
ycjP,cactgctgcggcagcagcgt,1372255,forward,4,3.03701039368994e-54,-3.84313091005334
ycjG,ggcttcctcgaataccttaa,1386964,forward,4,8.35092100485357e-56,-3.76037758540161
ynaA,ctgtggtttcattaagttta,1424774,forward,6,9.46944323291798e-08,-2.36453930165648
lomR_2,caatggccacggattcggtc,1426912,forward,4,7.28187732917018e-38,-4.94409716393257
paaY,tcgccgatcaataccgctgt,1462558,forward,4,1.8712705200506e-18,-2.12489132820014
ynbC,aaacaacgctgtattatcac,1477205,forward,4,2.15843054254132e-16,-7.45150162382388
ydcZ,cggcggcaatcaaaaaagca,1516316,reverse,4,2.29859508478236e-80,-3.37378300978143
yncE,ctggctataagccatttcgt,1521461,forward,4,4.5104891391915e-16,-2.05810661958116
yddH,tggcatggtgtaattctatg,1531839,reverse,4,2.95395622207321e-44,-6.30824708692605
ddpA,gtgcgcaaccgggaaatttg,1560434,reverse,4,3.56468736037637e-158,-8.72811099185611
ydeN,cctttggtactgtattctgt,1580382,reverse,4,1.18210917013355e-23,-2.94459040457974
yneF,atagccaacgtcagcataca,1609805,reverse,4,1.18557375231887e-13,-2.69237262958337
yneG,tgactggcgcgcctttctcc,1610238,reverse,4,5.35869858364913e-23,-2.56589673211836
ydfV,cgagctgacctgcacaatac,1644046,forward,4,3.78007438216735e-09,-4.03958792849704
rspB,acttcacccgctgacggggt,1651860,reverse,4,3.16106020832067e-66,-7.93576529444102
clcB,gactgccggagtcattattg,1663440,forward,4,7.85856625850396e-40,-4.90536408563636
mdtJ,ccatttcattgacagcgtac,1671454,reverse,4,3.79158655711091e-49,-3.39950329919675
ydgJ,gcccgggcgtgcccgcaatc,1702245,reverse,4,1.62926540153742e-10,-2.04114422198771
ynhG,aaccgcccaggcagcctgga,1756678,reverse,4,4.71532949156594e-28,-2.16233425030863
sufB,attcagcgggccgccggtcc,1761974,reverse,4,6.56308152357425e-71,-4.34584889438401
astC,tcgccacgtaccggtataaa,1829921,reverse,4,2.82967305253322e-105,-4.7142597784315
nudG,cccgcctgatcgctctgggc,1839583,forward,4,2.75883931220324e-109,-4.36066960228065
mipA,cggtatcgtaatctttatat,1864364,reverse,4,2.97961306354521e-14,-3.33251967611741
yeaQ,gatccacttcgccagaatac,1877220,reverse,3,1.64667925031216e-22,-6.30267968039182
yeaY,cgtgggactgctgcctttaa,1888449,reverse,4,1.54782461631011e-39,-2.75753138003583
yebQ,cgtatcgctggggcaatggc,1908326,forward,4,2.2441803780394e-154,-11.6657986969794
yobB,gccgaaaaagcctagcgtaa,1924112,forward,5,1.13376040021235e-20,-2.12397121113933
znuC,aagaaaccgagacattttcc,1940706,forward,4,2.23544681463042e-28,-2.39264221889222
torY,tactcatcgagtggcaggaa,1956018,reverse,4,7.82926827120822e-65,-2.91896095595448
yedP,cgggtgagccagggggctgc,2023619,forward,4,2.27443097842289e-84,-10.164814268425
yeeN,cgtttttttagcaacaatat,2054901,forward,4,1.81545225556214e-09,-2.76728432612399
yoeE,tcccacaccataattatctc,2068362,forward,4,4.53767117343869e-17,-3.65047159840083
cbtA,gccgcctgcccgggtaatac,2075608,forward,4,6.08696598688753e-20,-2.23776800847162
ugd,caagcctacatagccagtac,2097599,reverse,4,1.91565044696031e-153,-5.0188210173123
wcaJ,ttcgcaaaccagccatagtc,2119465,reverse,4,1.08333291970216e-48,-4.54927103452952
mdtB,gcataataaacaggcgcgac,2153322,forward,4,1.86317258570535e-111,-6.33065591261338
fbaB,tcatacaacggtgctgtaaa,2176523,reverse,4,1.2556224496571e-92,-5.1539861210302
yegT,gatcgccgcaatggcggtac,2176976,forward,4,3.30302652290092e-27,-2.1577156706343
rcnB,cgcggtggctggtgcggccc,2185040,forward,4,1.72545038261741e-37,-2.07286897012803
mnmC,ttcgaggttggcaggttgta,2439802,forward,4,1.16133591626514e-31,-2.07651373537292
yfdI,cctttcaatttatacaataa,2467306,forward,4,3.49939549173298e-05,-5.72906564949673
yfeN,aacaggtatcgctaatatag,2523183,forward,4,2.20659981464807e-11,-5.17124621334411
yfeS,ttttgcggcaatcaatttac,2535931,forward,4,3.38852634514395e-15,-7.34047875961143
eutQ,ggcttccggggtaataatgc,2572924,reverse,4,2.54229508593574e-80,-5.79633015576684
eutP,attaaggcgtgataccagcg,2573304,reverse,4,3.70057543885498e-77,-5.1099305547919
focB,tttactgcgggcaattttat,2612029,forward,4,1.0793940498035e-15,-8.00180064450868
trmJ,ggcaacagaacccatattgc,2661280,reverse,4,4.2298657791552e-12,-2.12227622352688
yphF,cgtagtatccctgagtatca,2677257,reverse,4,1.10711600112402e-17,-2.08963859903337
yfiP,taactggagaacagcgtttt,2717252,forward,4,3.4248366072724e-50,-9.3025170603132
ratA,tgtagggtaccagtgcggtc,2752711,reverse,4,5.31761756564442e-69,-9.8687247461944
yfjL,cattcgggtgacatggtaag,2763089,reverse,4,1.62994776219496e-07,-3.50384551644743
ypjM_1,gatcagcgcggcgccgtcat,2771127,reverse,7,2.08015749887147e-17,-2.92645627841673
,tgctctaaccactgagctaa,2783834,reverse,3,2.79105668712947e-60,-9.66125072285728
ygaQ_2,atgcaacatatttatctttt,2784856,forward,4,9.39985165742487e-05,-5.49632372063631
yqaB,ggtgcgtaggctccgtatcc,2815456,reverse,4,1.56114769803694e-121,-4.62585143969629
queD,taagcggtgagcggcttcga,2890270,forward,4,4.14435022760432e-106,-5.0321631781334
ygdI,cagggcaaaagtcagcatac,2941117,reverse,4,3.12049764995786e-33,-4.02812895030681
ygeG,tatattctatcaaggatatc,2989401,forward,4,0.000518972061272116,-5.19502396544275
xdhC,ggtgcggcgtgaagctgaaa,3001562,forward,4,1.83245099286252e-12,-2.41761512211033
ygeW,atctttctcgtgaaggtgag,3004333,forward,4,2.10918995403878e-17,-2.08309084977443
guaD,ttccgggttatcgatcgtac,3023846,forward,4,1.51823136766622e-81,-3.78995378369489
ygfI,tgccgcccgggcaatattat,3065121,reverse,4,6.955837288592e-19,-3.11325384470185
yqgD,ttaacctgcagagtcgtggt,3084638,reverse,4,1.59129308815902e-45,-5.27543605658541
yghE,gtccggcgcgacggtagcgc,3109930,reverse,4,2.67044510984954e-43,-9.37657121104255
yghG,actggcattttcattatggc,3111401,reverse,4,4.72840700615175e-11,-2.02268080864449
glcE,tcacctgctccagcagcgcc,3124499,reverse,4,7.5603273297782e-139,-5.28664727203886
yghR,aatgtagttgggctgcggcg,3131175,reverse,4,3.74895716601344e-44,-5.65142344640885
yghX_1,ggcaccgcgcaggccagttc,3145146,reverse,4,6.26093624213904e-60,-4.09684888459278
yqiG,gcacaaccaatgatgataac,3185449,forward,4,1.16208076780967e-113,-8.58114605057606
yqiK,cgaagcgcgacgatagagcc,3190977,forward,4,6.22956876311472e-64,-4.80774018839411
yqjH,cgaacgcgctgcgggtagcg,3214479,reverse,4,1.20753368994376e-69,-7.62384591927179
aer,ccgccagcggggtattttgc,3217053,reverse,4,1.32044913367393e-102,-4.29949947550546
ygjH,gtacggcaccaggctggtca,3219114,reverse,4,1.22993220594568e-57,-3.90516921044933
alx,caggtcgatagccagcataa,3236657,forward,4,3.10297585126246e-67,-4.06957546615801
yqjC,cttttcctgacacagggtag,3247052,forward,4,2.81898937806084e-39,-5.37338873942886
yqjG,ggtagatttggtatcgtacc,3249083,forward,4,1.27428345724659e-15,-7.42940400866916
yhaK,tccaaaggaaaaagtatacc,3252402,forward,4,9.18337331800253e-18,-6.04322901874083
yhaL,ttcgccaccacgggcttcac,3253098,forward,4,7.5963957168818e-71,-9.95071775282539
yhbT,tggccccaaatgcacaatac,3299257,reverse,4,1.82098578771077e-44,-3.74062024565895
yrhB,gatctgcatcatcaaggtaa,3582820,forward,4,5.33859277594487e-11,-2.5802906793279
dgoR,atcggttttattgagagtca,3873163,reverse,4,1.67577568629252e-08,-2.03603782578108
yjeO,tttgtccagcgcggaagtga,4383791,forward,4,1.09522990217007e-19,-2.22342220681339
ytfF,gggtattccggcacgatcaa,4430994,reverse,4,0.0133076286519883,-4.49858560921528
,tctgacgatgagtataatgc,4470580,forward,4,2.15999627580111e-09,-6.54833822926097
yjgW,taagggagagaggaatatac,4497666,forward,4,6.81914916667776e-05,-3.44287950538215
yjiX,tcgacgtagttgtcgtagtc,4587014,reverse,4,3.01040931247792e-35,-3.34612000626225
yjiY,atgattccgagaatcaccca,4589250,reverse,4,2.0657618085414e-39,-3.28969378255704
yjjV,taaacggcgggaaatcaaaa,4611536,forward,4,2.5639250165786e-16,-3.70520688323609
nrdG,aaacagggtgcaacgagtgc,4458322,reverse,4,1.71622604434803e-61,-3.17983580658337
ypeB,gccaaacggcattatcgtat,2526131,reverse,4,7.99379692928684e-21,-2.66902137817553
ychE_2,taaacaccagccaattattg,3364786,forward,4,8.58391625593841e-08,-4.78705563158683
yojO,cactcttttgatcctgctac,2301655,forward,4,1.03520671476136e-51,-3.8056704886924
ohsC,acccccgaactggtaaggaa,2698591,forward,4,1.47852240934045e-37,-3.7927771621323
ytcA,catgaagacgggaattatcc,4302358,reverse,4,1.621693483255e-58,-4.53158875545868
ythA,agggatgtttttatcataaa,4504519,forward,4,0.00401767284609249,-2.58913165552926
ryeF,ggtacgagcaagcatcatat,1956498,reverse,4,5.0658563793151e-09,-6.54164677675025
esrE,tccttcagcggcgatatcac,4018029,forward,4,2.66647334617065e-80,-5.15766698149413
