avg_lr,normalized_lr,distance_ATG,operon_pos,geneName
-20.983980178833008,0.8813531758416367,29,1,alr
-22.405235290527344,0.9410476520895945,32,1,alr
-21.433609008789062,0.9002381439865965,50,1,alr
-23.808821201324463,1.0,73,1,alr
-16.98429250717163,0.6899323681686006,8,1,dfp
-24.617329597473145,1.0,64,1,dfp
-23.245424270629883,0.944270749537997,65,1,dfp
-22.328004360198975,0.9070035103438207,100,1,dfp
-7.593851566314697,0.45800949572155303,89,1,ackA
-16.58011817932129,1.0,103,1,ackA
-5.40559709072113,0.32602886374253875,116,1,ackA
-9.799609661102295,0.5910458270028714,120,1,ackA
-22.619895458221436,0.8855274452348533,91,1,adk
-25.54398012161255,1.0,245,1,adk
-24.893320083618164,0.9745278521633414,260,1,adk
-22.613215923309326,0.8852659536865389,261,1,adk
-14.390868186950684,0.6654127676991651,85,1,alaS
-18.338924884796143,0.8479651544084505,84,1,alaS
-18.463276863098145,0.8537150086198756,75,1,alaS
-21.6269793510437,1.0,25,1,alaS
-15.47889232635498,0.912849370640029,61,3,araD
-9.685659170150757,0.5712002959444309,50,3,araD
-16.956677436828613,1.0,40,3,araD
-16.574785232543945,0.9774783588525883,36,3,araD
-17.43906545639038,0.7669949676060533,0,1,argS
-20.116729259490967,0.8847624401265751,35,1,argS
-22.736870765686035,1.0,43,1,argS
-20.393896102905273,0.8969526331514042,63,1,argS
-22.142834186553955,0.9708056223696963,37,1,asnS
-20.99830198287964,0.9206260342939783,31,1,asnS
-22.249489784240723,0.9754817109416998,21,1,asnS
-22.808720588684082,1.0,14,1,asnS
-1.183472029864788,0.05083044764816883,180,1,aspS
-17.519204139709473,0.7524546135347414,121,1,aspS
-17.04264259338379,0.7319861646653536,37,1,aspS
-23.28273868560791,1.0,36,1,aspS
-18.5551700592041,0.8644225999579263,16,2,birA
-21.465392112731934,1.0,21,2,birA
-0.0753674223087728,0.0035111132334763894,37,2,birA
0.009080085903406143,-0.00042301048383925873,38,2,birA
-22.412944316864014,0.9165405603267082,17,1,cdsA
-24.321640968322754,0.9945935761951061,42,1,cdsA
-24.453848838806152,1.0,75,1,cdsA
-16.37631607055664,0.669682559113919,88,1,cdsA
-1.5051296055316925,0.05894975837491927,89,4,lnt
-22.841784954071045,0.894619107182263,66,4,lnt
-25.532413482666016,1.0,28,4,lnt
-12.999003410339355,0.5091176914851545,12,4,lnt
0.9200830161571503,-0.04373878367871537,121,1,cysE
-3.1317031383514404,0.14887448600715397,94,1,cysE
-13.483741283416748,0.6409882943371249,74,1,cysE
-21.03586196899414,1.0,51,1,cysE
-17.563899517059326,0.9428643050506724,32,1,cysS
-18.628236770629883,1.0,51,1,cysS
-13.601183891296387,0.7301380188993853,61,1,cysS
-15.950966835021973,0.8562789399462103,94,1,cysS
0.44219863042235374,-0.022939588761243853,132,1,dapA
-18.441722869873047,0.9566866778389913,99,1,dapA
-18.163043975830078,0.9422298731680269,35,1,dapA
-19.27665901184082,1.0,-1,1,dapA
-19.2313494682312,0.7547713090110619,20,1,dapB
-25.479703903198242,1.0,28,1,dapB
-7.510721206665039,0.2947727036075284,40,1,dapB
-3.3655183911323547,0.132086244169812,56,1,dapB
-15.888919830322266,0.6647219028427209,59,3,dapD
-23.903108596801758,1.0,48,3,dapD
-19.795246601104736,0.828145281645641,43,3,dapD
-16.06527328491211,0.6720997488611856,30,3,dapD
-5.096185505390167,0.3104748370137746,44,2,dapE
-16.41416597366333,1.0,47,2,dapE
-4.66340959072113,0.28410883612384635,48,2,dapE
-10.831925868988037,0.6599132655517165,77,2,dapE
-16.57816743850708,0.6667069308498227,23,12,ddlB
-17.923060417175293,0.7207930940795811,37,12,ddlB
-19.6907377243042,0.7918819352642448,40,12,ddlB
-24.86574935913086,1.0,85,12,ddlB
-22.180448055267334,0.8890111783251754,59,1,accD
-24.94957160949707,1.0,43,1,accD
-22.94403314590454,0.9196163166653684,42,1,accD
-16.108458518981934,0.6456406855839656,39,1,accD
-13.736364841461182,0.7454936730880574,89,1,dicA
-18.42586374282837,1.0,100,1,dicA
-8.852925777435303,0.7246394850520791,105,2,dksA
-7.946666598320007,0.6504593550715839,65,2,dksA
-7.519482254981995,0.6154929891083931,48,2,dksA
-12.217007160186768,1.0,19,2,dksA
-25.86783790588379,1.0,82,1,dnaA
-16.010764598846436,0.6189448324633539,53,1,dnaA
-20.058674812316895,0.7754291211077379,34,1,dnaA
-13.54682993888855,0.5236939394848784,33,1,dnaA
-14.958211898803711,0.6498583129142855,43,1,dnaB
-20.041449546813965,0.8706991637075888,44,1,dnaB
-19.354047775268555,0.8408350490277775,57,1,dnaB
-23.017651081085205,1.0,67,1,dnaB
-23.820117950439453,1.0,118,3,dnaC
-14.752966403961182,0.6193490071987241,52,3,dnaC
-15.575002193450928,0.653859154931833,47,3,dnaC
-7.626601457595825,0.3201747981879797,19,3,dnaC
-19.00759744644165,0.8814559775751568,12,8,dnaE
-21.563864707946777,1.0,26,8,dnaE
-21.528613090515137,0.9983652458448856,62,8,dnaE
-13.97663927078247,0.6481509441872801,67,8,dnaE
-18.77009344100952,0.9387452500508499,0,2,dnaG
-13.72486925125122,0.6864193754641262,17,2,dnaG
-19.994874477386475,1.0,110,2,dnaG
-21.335188388824463,1.0,26,1,dnaK
-17.82125186920166,0.8352985473770914,67,1,dnaK
-3.160524010658264,0.14813668166688282,91,1,dnaK
-3.7819005846977234,0.17726117603342617,106,1,dnaK
-10.345799922943115,0.4688756546046746,83,2,dnaN
-15.43840217590332,0.6996743586954735,74,2,dnaN
-22.065124988555908,1.0,59,2,dnaN
-19.453877925872803,0.8816572730026487,-1,2,dnaN
-22.176937580108643,1.0,23,2,dnaT
-20.24111557006836,0.9127101294735754,22,2,dnaT
-21.05712366104126,0.9495054754506868,21,2,dnaT
-20.356109142303467,0.9178954068284727,9,2,dnaT
-19.12602949142456,0.9014846489200373,22,1,dnaX
-4.194502115249634,0.19770330629551539,23,1,dnaX
-15.989405632019043,0.753643286448114,35,1,dnaX
-21.216145515441895,1.0,43,1,dnaX
-22.444110870361328,0.9052869667036844,32,1,dut
-22.671672821044922,0.9144657160540794,33,1,dut
-21.998780727386475,0.8873245008860784,54,1,dut
-24.792261123657227,1.0,59,1,dut
-25.473628520965576,1.0,55,2,eno
-17.97682285308838,0.7057032663522161,46,2,eno
-23.4421329498291,0.9202510325741583,45,2,eno
-18.267356395721436,0.7171085336620514,6,2,eno
-18.77611494064331,0.802357980486883,61,16,lpxC
-14.653936386108398,0.626205306162146,76,16,lpxC
-11.889761447906494,0.5080840745793921,77,16,lpxC
-23.401169300079346,1.0,89,16,lpxC
-11.596187353134155,0.5637214086419843,112,2,era
-1.4552237689495087,0.07074228519598705,102,2,era
-20.57077693939209,1.0,50,2,era
-11.875348091125488,0.577292152168776,36,2,era
-9.623928308486938,0.596523869552029,95,1,fabA
-12.807717561721802,0.7938659760495385,45,1,fabA
-16.133349895477295,1.0,37,1,fabA
-15.986166000366211,0.6804723801395648,67,1,fabB
-23.49274778366089,1.0,55,1,fabB
-22.721785068511963,0.9671829484465361,39,1,fabB
-23.04266119003296,0.9808414665762953,25,1,fabB
-20.377942085266113,0.8462080764996252,58,1,accB
-10.535467624664307,0.43749254740189014,101,1,accB
-24.0814790725708,1.0,111,1,accB
-19.01582622528076,0.7896452775170317,115,1,accB
-10.413926601409912,0.7189305363685329,25,2,accC
-13.753355979919434,0.9494696832386142,29,2,accC
-14.485302925109863,1.0,159,2,accC
-12.200386762619019,0.8422596907842357,165,2,accC
-21.836596488952637,1.0,61,4,fabH
-20.122370719909668,0.9214975754161042,85,4,fabH
-19.99263095855713,0.9155561842557108,119,4,fabH
-13.873260974884033,0.6353215796199129,937,4,fabH
-19.46723508834839,1.0,147,3,fbaA
-13.970501899719238,0.7176418138639997,126,3,fbaA
-7.382305860519409,0.3792169677417569,29,3,fbaA
-17.737199306488037,0.9111308938321796,-20,3,fbaA
-18.076069831848145,0.7915042548901426,202,1,ffh
-11.34633207321167,0.4968264781496102,137,1,ffh
-22.837615489959717,1.0,55,1,ffh
-18.407362937927246,0.8060107214792115,18,1,ffh
-17.641422271728516,0.8357907895701118,6,3,lpxD
-21.10746192932129,1.0,79,3,lpxD
-12.726510286331177,0.6029389193710794,91,3,lpxD
-15.982277631759644,0.7571861403932213,135,3,lpxD
-25.27950668334961,1.0,63,1,folA
-16.964927673339844,0.671094095539207,71,1,folA
-10.125329494476318,0.4005350903918305,79,1,folA
-20.198647022247314,0.7990127052420366,88,1,folA
-18.761433601379395,0.757630344250656,35,1,folC
-24.76330804824829,1.0,27,1,folC
-20.750108242034912,0.8379376536287418,20,1,folC
-14.03555417060852,0.5667883363265502,0,1,folC
-11.3803551197052,0.69397406854202,133,1,folD
-11.890491724014282,0.7250821992708751,111,1,folD
-12.436082124710083,0.7583523025449586,101,1,folD
-16.398818969726562,1.0,87,1,folD
-7.389488935470581,0.3082202330259839,67,1,frr
-12.079208612442017,0.5038313915628397,68,1,frr
-10.706122398376465,0.44655910161697226,107,1,frr
-23.974704265594482,1.0,144,1,frr
-19.746424198150635,1.0,52,14,ftsA
-18.215096950531006,0.9224504025512099,64,14,ftsA
-19.17930841445923,0.9712800769394734,87,14,ftsA
-18.208147525787354,0.9220984692252611,88,14,ftsA
-10.33202314376831,0.3942368857578851,30,4,ftsI
-15.560793399810791,0.5937499988628389,52,4,ftsI
-26.20765209197998,1.0,98,4,ftsI
0.6125630848109722,-0.0233734438575834,148,4,ftsI
-14.163251161575317,0.5982025078816139,56,13,ftsQ
-22.48272466659546,0.949585806686586,92,13,ftsQ
-22.416699409484863,0.9467971479290375,100,13,ftsQ
-23.67634868621826,1.0,168,13,ftsQ
-15.298890113830566,0.6461676298396416,348,13,ftsQ
-20.233110904693604,1.0,17,9,ftsW
-11.19921350479126,0.5535092234478538,18,9,ftsW
-11.077946186065674,0.5475157151190158,23,9,ftsW
-17.190427780151367,0.8496186207412917,33,9,ftsW
-1.3706311881542206,0.09492374315503455,141,1,ftsY
-10.748042821884155,0.7443610396884158,131,1,ftsY
-14.439287185668945,1.0,98,1,ftsY
-13.006215810775757,0.9007519307244254,33,1,ftsY
-22.528613090515137,1.0,12,15,ftsZ
-12.794440746307373,0.567919591627858,25,15,ftsZ
-14.553784370422363,0.6460133303345562,133,15,ftsZ
-14.883737564086914,0.6606592915545776,196,15,ftsZ
-14.442470073699951,0.7503437954672757,72,3,fusA
-13.746349334716797,0.7141775528005674,18,3,fusA
-19.247803688049316,1.0,17,3,fusA
-22.37170648574829,1.0,56,1,gapA
-11.387510061264038,0.509013922050084,104,1,gapA
-9.7080819606781,0.43394463300609426,148,1,gapA
-13.778417110443115,0.6158858341548751,158,1,gapA
-10.973876237869263,0.7772267881885127,173,4,glnG
-14.119271755218506,1.0,143,4,glnG
-12.932794332504272,0.9159675199058542,46,4,glnG
-11.92793607711792,0.844798250498248,42,4,glnG
-14.137200832366943,0.8176586142666938,289,3,glnL
-14.301113605499268,0.8271388991214679,288,3,glnL
-1.601153701543808,0.09260653027117696,274,3,glnL
-15.44957160949707,0.8935626976673866,231,3,glnL
-12.077033996582031,0.6985039683024504,79,3,glnL
-11.902059555053711,0.6883839055624079,37,3,glnL
-13.336992502212524,0.7713766633969911,21,3,glnL
-17.289857387542725,1.0,20,3,glnL
-19.151476860046387,0.9707458445377555,19,1,glnS
-19.728621006011963,1.0,20,1,glnS
-18.438388347625732,0.9346009709450521,23,1,glnS
-14.71036958694458,0.7456359764051347,24,1,glnS
-19.081080436706543,0.899334633628224,97,1,gltX
-21.216886043548584,1.0,78,1,gltX
-19.118834495544434,0.9011140681201847,32,1,gltX
-20.040512084960938,0.9445548250495813,31,1,gltX
-22.412423610687256,0.9161620626830177,121,1,glyA
-2.394886076450348,0.09789676501765486,117,1,glyA
-21.10511827468872,0.8627227928392238,39,1,glyA
-24.463383197784424,1.0,27,1,glyA
-19.417296886444092,0.961610552362193,40,1,glyQ
-15.947982788085938,0.7897983240200904,28,1,glyQ
-20.192474842071533,1.0,24,1,glyQ
-15.485587120056152,0.7668989185907782,18,1,glyQ
-23.13247585296631,1.0,118,2,glyS
-17.02157163619995,0.7358300834027349,78,2,glyS
-8.310079574584961,0.35923865769514457,67,2,glyS
-19.844815731048584,0.8578768592339785,50,2,glyS
-24.43464994430542,1.0,121,1,gyrA
-21.209540843963623,0.8680108326621058,112,1,gyrA
-12.293010234832764,0.5030974563929733,104,1,gyrA
-21.053714752197266,0.8616335736417582,94,1,gyrA
-22.421998023986816,1.0,67,1,gyrB
-14.675293922424316,0.6545042911307387,37,1,gyrB
-19.040532112121582,0.8491898042160303,24,1,gyrB
-13.438173770904541,0.5993298972075782,21,1,gyrB
-20.856797218322754,0.856963688576696,7,1,hemA
-20.48867177963257,0.84183815753295,8,1,hemA
-24.338017463684082,1.0,42,1,hemA
-16.89538812637329,0.6941973869311133,75,1,hemA
-9.937211990356445,1.0,35,6,hfq
-7.577143311500549,0.7625019289971653,191,6,hfq
-9.738430976867676,0.979996299396483,200,6,hfq
-9.022119522094727,0.5168824209411845,69,8,ihfA
-17.454877853393555,1.0,-1,8,ihfA
-14.00609040260315,0.6786961674020292,60,1,hisS
-20.636760711669922,1.0,47,1,hisS
-17.595113277435303,0.852610229060097,43,1,hisS
-18.812487602233887,0.9116008013600495,21,1,hisS
-21.44083261489868,0.9604321400331618,95,2,hlpA
-12.101644277572632,0.5420875355070287,101,2,hlpA
-8.79646384716034,0.39403351302607365,158,2,hlpA
-22.324151515960693,1.0,163,2,hlpA
-9.652548551559448,1.0,13,1,degP
-8.576688289642334,0.8885413260373293,107,1,degP
-9.226571798324585,0.9558689862102747,117,1,degP
-9.610331535339355,0.9956263347452138,129,1,degP
-24.328157901763916,0.9442808039788879,27,1,lpxL
-20.191789627075195,0.7837304994409255,24,1,lpxL
-19.837822914123535,0.769991523656675,15,1,lpxL
-25.76368999481201,1.0,14,1,lpxL
-21.990421772003174,0.9324083812324628,33,2,ileS
-23.58453893661499,1.0,47,2,ileS
-10.155657529830933,0.43060657480415176,48,2,ileS
-14.321605682373047,0.6072455230464039,67,2,ileS
-10.321633338928223,0.6877390390611078,53,1,infA
-15.008066654205322,1.0,36,1,infA
-14.46644401550293,0.9639112317940947,-11,1,infA
-17.239426612854004,0.9369594941361276,58,4,infB
-18.399329662322998,1.0,48,4,infB
-13.853896141052246,0.75295656935923,45,4,infB
-7.808479905128479,0.42438936898436025,30,4,infB
-15.350711345672607,0.9522004345493019,147,2,infC
-16.121302604675293,1.0,63,2,infC
-16.779534816741943,0.7850918065355194,50,3,kdsA
-18.099488735198975,0.8468506703957441,54,3,kdsA
-21.372704029083252,1.0,136,3,kdsA
-16.716105937957764,0.782124054832325,137,3,kdsA
-16.768073558807373,0.8159970388977427,24,2,kdsB
-15.796844959259033,0.7687334305562836,25,2,kdsB
-13.110200881958008,0.6379913030267738,40,2,kdsB
-20.549184322357178,1.0,51,2,kdsB
-20.358515739440918,0.8894496076527633,22,1,waaA
-22.88889169692993,1.0,26,1,waaA
-15.625487089157104,0.6826668279116781,35,1,waaA
-20.688631534576416,0.9038721406223161,45,1,waaA
-17.60751247406006,0.889346409099642,100,1,lepA
-18.944579601287842,0.9568809827696619,91,1,lepA
-16.245524883270264,0.8205531156181425,76,1,lepA
-19.798261165618896,1.0,43,1,lepA
-10.71870756149292,0.4073174451190076,167,2,lepB
-15.167792320251465,0.5763853879338446,126,2,lepB
-19.432796955108643,0.7384581734188878,36,2,lepB
-26.3153657913208,1.0,19,2,lepB
-21.23561716079712,1.0,81,1,leuS
-19.558366775512695,0.9210171113660506,36,1,leuS
-7.016252875328064,0.33040023382417655,20,1,leuS
-20.637385845184326,0.971828870756006,0,1,leuS
-16.272663593292236,0.6160679331344249,16,5,lpxA
-15.929844856262207,0.6030891340858842,19,5,lpxA
-26.413748741149902,1.0,30,5,lpxA
-18.132279872894287,0.6864712786733699,37,5,lpxA
-18.810654640197754,1.0,18,6,lpxB
-12.900559186935425,0.6858112826848328,32,6,lpxB
-18.566529273986816,0.9870219633032202,40,6,lpxB
-16.215753078460693,0.8620515015893259,49,6,lpxB
-20.472174644470215,0.9492209782812941,92,3,lspA
-21.56734323501587,1.0,122,3,lspA
-20.132784843444824,0.9334846960082708,123,3,lspA
-17.74843168258667,0.8229308306166813,131,3,lspA
-17.00186538696289,0.8138577445755727,135,5,lysS
-16.47814655303955,0.7887879878596163,121,5,lysS
-13.228500843048096,0.6332315669605697,110,5,lysS
-20.89046335220337,1.0,85,5,lysS
-19.57926368713379,0.9372345341047075,-3,5,lysS
-23.400614261627197,1.0,45,1,metG
-14.297064542770386,0.6109696259646912,65,1,metG
-21.661438465118408,0.9256781989966509,68,1,metG
-1.9845459535717964,0.08480742989837216,92,1,metG
-12.603017091751099,0.46790058346562263,14,1,metK
-26.935245513916016,1.0,31,1,metK
-20.537342071533203,0.7624709439133438,48,1,metK
-11.956193447113037,0.44388655900448004,65,1,metK
-17.178746223449707,1.0,15,1,groS
-15.629295825958252,0.9098042210218816,85,1,groS
-0.6469968315213919,0.03766263399585088,106,1,groS
-11.854217529296875,0.6900513794839912,109,1,groS
-25.482158660888672,0.9901403146973619,61,7,mraY
-25.73590660095215,1.0,79,7,mraY
-14.068555355072021,0.5466508552899212,89,7,mraY
-15.23076057434082,0.7715932908829903,111,3,mrdA
-19.73936367034912,1.0,96,3,mrdA
1.345467060804367,-0.06816162279969638,72,3,mrdA
-18.957091331481934,0.9603699312738103,58,3,mrdA
-10.379671573638916,0.5549737006536059,66,1,mreB
-16.07174301147461,0.8593137684321568,49,1,mreB
-17.223244667053223,0.9208815290854138,42,1,mreB
-18.7029972076416,1.0,30,1,mreB
-18.95736265182495,0.8857490797228224,26,2,mreC
-16.480114459991455,0.7700040604149644,25,2,mreC
-8.332260608673096,0.389310069216429,19,2,mreC
-21.40263319015503,1.0,8,2,mreC
-0.3988704979419708,0.023068746025671,91,3,mreD
-17.290514945983887,1.0,83,3,mreD
-11.012044429779053,0.6368835436180488,78,3,mreD
-15.98576831817627,0.9245397472612188,77,3,mreD
-29.157129287719727,1.0,41,2,msbA
-23.189756870269775,0.795337450454587,44,2,msbA
-16.953815937042236,0.5814638255276651,66,2,msbA
-23.226855278015137,0.7966098119199178,107,2,msbA
-23.122037410736084,0.7930148809428411,1745,2,msbA
-14.949024677276611,0.947073144162254,61,4,mukB
-6.9266849756240845,0.43882978723404253,62,4,mukB
-15.784445762634277,1.0,74,4,mukB
-3.220580041408539,0.20403504119431648,127,4,mukB
-29.378761291503906,1.0,42,11,murC
-13.376599788665771,0.4553153094488764,43,11,murC
-12.504554271697998,0.42563245426260404,91,11,murC
-20.772391319274902,0.7070547023125208,109,11,murC
-24.276684284210205,1.0,41,8,murD
-14.403769493103027,0.5933170001502792,47,8,murD
-20.478821754455566,0.8435592568864602,52,8,murD
-23.509336471557617,0.9683915726023723,61,8,murD
-27.556044578552246,1.0,26,5,murE
-23.57025909423828,0.8553571259854823,36,5,murE
-23.93047046661377,0.8684290809008062,54,5,murE
-16.609251022338867,0.6027443806382278,89,5,murE
-21.390370845794678,0.9035297713280395,16,6,murF
-23.67422914505005,1.0,23,6,murF
-14.086488246917725,0.5950135973007177,31,6,murF
-18.035470008850098,0.7618186804878951,70,6,murF
-8.5639808177948,0.6897812195375715,46,10,murG
-12.415503025054932,1.0,62,10,murG
-12.081983089447021,0.9731368165321329,63,10,murG
-10.64919376373291,0.8577335724732582,83,10,murG
-17.94468355178833,0.7956730744326621,207,3,nusA
-16.03334665298462,0.7109237779539187,178,3,nusA
-18.884857177734375,0.837360677186874,136,3,nusA
-22.55283498764038,1.0,39,3,nusA
-16.396967887878418,1.0,1,4,nusB
-9.265437602996826,0.5650701804353945,40,4,nusB
-15.06766653060913,0.9189300505825847,44,4,nusB
-16.211154460906982,0.7724083239169535,15,2,nusG
-16.049487590789795,0.7647054279584179,49,2,nusG
-20.98780393600464,1.0,62,2,nusG
-17.39825677871704,0.7908580683010367,95,1,parC
-17.940656661987305,0.8155134880586395,85,1,parC
-16.52142095565796,0.7510004725624829,51,1,parC
-21.999215126037598,1.0,22,1,parC
-22.89484739303589,1.0,68,5,parE
-20.397294998168945,0.8909120313408753,64,5,parE
-17.582412242889404,0.7679637230618794,42,5,parE
-9.77298903465271,0.4268641265381589,27,5,parE
-17.942713260650635,1.0,80,4,pdxJ
-14.197964668273926,0.7912941851113928,73,4,pdxJ
-17.00202226638794,0.9475725337301308,66,4,pdxJ
-2.2460092902183533,0.13497056462794058,135,1,pepA
-1.5957159250974655,0.09589215874314709,89,1,pepA
-16.64073419570923,1.0,74,1,pepA
-16.083141326904297,0.9664922916112255,48,1,pepA
-0.39703763148281723,0.015373891323255146,96,2,pgk
-19.546224117279053,0.7568590519663168,74,2,pgk
-21.411439895629883,0.8290829985068285,55,2,pgk
-25.825448036193848,1.0,21,2,pgk
-7.1244014501571655,0.34622751819733655,80,1,pgsA
-17.66597557067871,0.8585208064371409,52,1,pgsA
-20.577224731445312,1.0,37,1,pgsA
-20.552123546600342,0.9987801472174908,16,1,pgsA
-20.34779930114746,0.8388001731757454,66,6,pheS
-24.258220195770264,1.0,49,6,pheS
-10.289466381072998,0.4241641100638991,42,6,pheS
-21.151389598846436,0.8719266882792356,27,6,pheS
-10.490403890609741,0.46910767374150186,2337,7,pheT
-16.89137077331543,0.7553447638815964,2271,7,pheT
-17.67024850845337,0.7901744545464781,2156,7,pheT
-21.089285850524902,0.9430662469597518,110,7,pheT
-11.840311288833618,0.5294725487215861,88,7,pheT
-22.362464904785156,1.0,41,7,pheT
-21.833505153656006,0.9763460891551377,40,7,pheT
-12.682024955749512,0.6483846013967504,81,5,phoU
-9.518818378448486,0.4866616555016568,64,5,phoU
-19.559417247772217,1.0,48,5,phoU
-6.853782534599304,0.3504083198276236,33,5,phoU
-18.270837783813477,0.9836342586489752,55,1,plsB
-17.901830673217773,0.963768282060394,44,1,plsB
-18.574828624725342,1.0,6,1,plsB
-18.290466785430908,0.935670343342833,45,8,pnp
-19.54798173904419,1.0,37,8,pnp
-10.323946714401245,0.5281336381535847,28,8,pnp
-17.671475410461426,0.9040051114415193,11,8,pnp
-20.652605056762695,0.8944319019031282,67,1,ppa
-20.320478916168213,0.880048040168146,38,1,ppa
-19.960975170135498,0.8644784973225064,20,1,ppa
-23.090192794799805,1.0,19,1,ppa
-20.230371952056885,0.9891134529887227,0,2,prfA
-16.607577323913574,0.8119859680070393,22,2,prfA
-15.453877925872803,0.755578720626148,35,2,prfA
-20.4530348777771,1.0,47,2,prfA
-15.978858470916748,1.0,40,4,prfB
-14.945611953735352,0.9353366500453072,17,4,prfB
-16.093525886535645,0.6725385296296342,26,1,priA
-12.247490406036377,0.5118150769074176,13,1,priA
-23.92952251434326,1.0,12,1,priA
-13.264315128326416,0.5543075554631663,6,1,priA
-11.211767435073853,0.576685715320031,11,2,priB
-19.441729068756104,1.0,31,2,priB
-16.24379587173462,0.8355118937357926,45,2,priB
-19.00125026702881,0.9773436405697491,46,2,priB
-18.638376712799072,0.8958183906161936,119,11,secY
-17.93603754043579,0.8620617841934288,100,11,secY
-19.493839263916016,0.9369345831678634,36,11,secY
-20.80597686767578,1.0,14,11,secY
-12.017505168914795,0.8714585171453282,25,2,proA
-13.790105819702148,1.0,37,2,proA
-2.55020534992218,0.18493007836666928,61,2,proA
-13.37675142288208,0.9700252918850338,65,2,proA
-13.36382532119751,0.9335323400849667,14,1,proB
-12.885153770446777,0.9000946557270578,40,1,proB
-11.615877389907837,0.8114291335984795,65,1,proB
-14.315331935882568,1.0,79,1,proB
-23.35134744644165,1.0,44,1,proS
-13.64918065071106,0.5845136209812579,27,1,proS
-4.650438666343689,0.19915076322725594,19,1,proS
-15.761900424957275,0.6749889042209906,13,1,proS
-24.80201292037964,1.0,37,3,prs
-15.833226680755615,0.6383847444795726,36,3,prs
-22.186562538146973,0.8945468502645779,33,3,prs
-22.354594707489014,0.9013217910680307,5,3,prs
-9.084688901901245,0.5237030524794509,171,1,psd
-17.347023010253906,1.0,164,1,psd
-14.377696990966797,0.8288279194918963,61,1,psd
-11.910194873809814,0.6865843705153122,41,1,psd
-16.777841567993164,0.9268584230141756,46,1,pssA
-6.924347400665283,0.3825217735054932,47,1,pssA
-18.1018385887146,1.0,54,1,pssA
-7.011075139045715,0.38731287458372854,55,1,pssA
-5.135032534599304,0.304478772114869,109,4,pstB
-7.608370780944824,0.4511339271110372,76,4,pstB
-16.864993572235107,1.0,23,4,pstB
-12.21385407447815,0.7242133844975699,22,4,pstB
-9.752306699752808,0.5497521003310839,75,1,pth
-14.851470708847046,0.8371995945739877,35,1,pth
-6.110760450363159,0.3444726971407101,34,1,pth
-17.73946237564087,1.0,25,1,pth
-7.237475633621216,0.4699622730321266,69,1,pyrG
-10.527486801147461,0.6835976902498416,63,1,pyrG
-6.529175758361816,0.4239691345103285,42,1,pyrG
-15.400120496749878,1.0,27,1,pyrG
-0.4705768972635269,0.023004191510607237,955,3,recF
-20.45613718032837,1.0,13,3,recF
-14.819105625152588,0.7244332346090918,12,3,recF
-2.8149061799049377,0.13760692720675977,7,3,recF
-0.8405303955078125,0.041089399630938536,6,3,recF
-11.976232767105103,0.8208133437764124,16,1,rfaD
-14.590689659118652,1.0,55,1,rfaD
-14.277410507202148,0.9785288317937243,56,1,rfaD
-13.100912809371948,0.8978953781793552,76,1,rfaD
-17.25448179244995,0.8987399057995499,13,2,rho
-19.19852638244629,1.0,30,2,rho
-2.2420403361320496,0.11678189729092985,77,2,rho
-0.8777754008769989,0.04572097792253325,112,2,rho
-3.818502128124237,0.20345035658780963,89,2,lptE
-18.76871681213379,1.0,78,2,lptE
-13.170719146728516,0.7017378587231801,51,2,lptE
-15.157969951629639,0.8076188747133828,48,2,lptE
-10.432034015655518,0.6201277237037737,181,1,rnc
-12.58059310913086,0.7478478843052807,159,1,rnc
-16.82239580154419,1.0,9,1,rnc
-11.463185548782349,0.6814240779978616,7,1,rnc
-14.16493558883667,0.6960413003867166,142,1,rne
-17.56507158279419,0.8631183099419883,141,1,rne
-20.09107255935669,0.9872417832524008,79,1,rne
-20.350711345672607,1.0,51,1,rne
-15.385524272918701,0.7506363154689792,21,2,rnpA
-18.56798219680786,0.9059035944870921,22,2,rnpA
-14.607189178466797,0.7126625306868801,75,2,rnpA
-16.291332721710205,0.7948293312193967,93,2,rnpA
-20.496642589569092,1.0,332,2,rnpA
-5.219034671783447,0.2546287592700405,344,2,rnpA
-16.157115936279297,0.7882810985103377,358,2,rnpA
-20.154172897338867,0.9182398389389996,16,2,rplA
-19.478634357452393,0.887461776092057,35,2,rplA
-6.281634211540222,0.286196154814173,55,2,rplA
-21.948702335357666,1.0,198,2,rplA
-18.45100450515747,0.9010279169767926,86,5,rplB
-20.47772789001465,1.0,64,5,rplB
-19.860909938812256,0.9698785942212288,32,5,rplB
-20.21672248840332,0.9872541815667646,23,5,rplB
-16.216390132904053,0.9337207793856919,68,2,rplC
-17.367494106292725,1.0,67,2,rplC
-9.878433465957642,0.5687886465082151,37,2,rplC
-17.36085605621338,0.9996177888393847,36,2,rplC
-19.188841819763184,0.8029702817583005,184,3,rplD
-3.4833794236183167,0.14576440743667488,176,3,rplD
-23.897325038909912,1.0,88,3,rplD
-21.804133415222168,0.9124089570577634,45,3,rplD
-23.229961395263672,1.0,194,3,rplE
-18.709185123443604,0.8053902804702119,169,3,rplE
-12.247029304504395,0.5272083365149899,105,3,rplE
-16.429413318634033,0.7072509953453391,86,3,rplE
-6.531375527381897,0.37166800461990707,147,6,rplF
-14.525993585586548,0.8266018434313868,39,6,rplF
-14.983086585998535,0.8526127262349589,35,6,rplF
-17.57314443588257,1.0,23,6,rplF
-24.001540660858154,1.0,35,4,rplI
-18.458898544311523,0.7690714027543406,44,4,rplI
-3.342950224876404,0.1392806516928351,96,4,rplI
-11.456696033477783,0.47733169280093035,114,4,rplI
-15.116008520126343,0.7320782203954311,91,3,rplJ
-15.431509971618652,0.7473581629036095,92,3,rplJ
-7.957154035568237,0.38537019597567873,175,3,rplJ
-20.648078441619873,1.0,185,3,rplJ
-21.15574026107788,1.0,22,1,rplK
-18.18342638015747,0.8595031965679384,66,1,rplK
-17.975167751312256,0.849659124638753,69,1,rplK
-16.023136615753174,0.7573895509216655,145,1,rplK
-16.33131170272827,0.7719565234393833,413,1,rplK
-15.698297023773193,0.7631336408734597,103,4,rplL
-20.570836067199707,1.0,134,4,rplL
-20.145995616912842,0.9793474388255772,135,4,rplL
-17.618555068969727,0.8564822067228757,236,4,rplL
-18.351074695587158,0.8126031445055275,234,1,rplM
-22.58307123184204,1.0,195,1,rplM
-17.97990608215332,0.7961674431953136,79,1,rplM
-22.507671356201172,0.9966612213694586,23,1,rplM
-18.297637462615967,0.9297069194695119,88,1,rplN
-17.537922620773315,0.8911056439371996,42,1,rplN
-19.681081295013428,1.0,33,1,rplN
-18.777165412902832,0.9540718384035323,7,1,rplN
-20.840261936187744,0.9491039569584544,55,10,rplO
-17.955602169036865,0.8177312319963141,36,10,rplO
-21.957828521728516,1.0,27,10,rplO
-16.9178524017334,0.7704701940354541,23,10,rplO
-15.636746883392334,0.853775033072988,215,9,rplP
-14.216009616851807,0.776201992096225,206,9,rplP
-13.788832187652588,0.7528778680656726,205,9,rplP
-18.31483268737793,1.0,11,9,rplP
-14.881481647491455,0.7752486485879566,64,5,rplQ
-16.10387420654297,0.8389290133457498,52,5,rplQ
-19.19575309753418,1.0,46,5,rplQ
-13.034174680709839,0.6790134575331751,34,5,rplQ
-14.98205852508545,0.7009596783563578,93,7,rplR
-21.373638153076172,1.0,55,7,rplR
-15.892155647277832,0.7435400343853288,46,7,rplR
-20.274590015411377,0.9485792671423786,37,7,rplR
-11.437609672546387,0.5437092839792264,75,4,rplS
-20.759795665740967,0.9868577403955197,65,4,rplS
-21.036259651184082,1.0,61,4,rplS
-16.0112247467041,0.7611250769954662,53,4,rplS
-24.720949172973633,1.0,172,4,rplT
-8.760751724243164,0.3543857342589791,142,4,rplT
-22.650723457336426,0.9162562205378223,105,4,rplT
-15.785878419876099,0.6385627958466147,97,4,rplT
-11.617065906524658,0.6134995648699582,162,7,rplV
-18.277000427246094,0.9652120336982715,67,7,rplV
-18.935736179351807,1.0,55,7,rplV
-18.24457883834839,0.96349984312957,25,7,rplV
-14.688836574554443,0.7025129367991284,180,4,rplW
-20.90899085998535,1.0,87,4,rplW
-20.750144004821777,0.9924029401405704,81,4,rplW
-18.690192222595215,0.8938830356640325,41,4,rplW
-14.21863079071045,0.6858792368329748,121,2,rplX
-20.73051643371582,1.0,93,2,rplX
-18.657540321350098,0.9000036434695731,85,2,rplX
-19.702080726623535,0.9503902514739261,45,2,rplX
-15.825040340423584,0.7801244982934938,53,1,rplY
-17.308763027191162,0.8532673397473975,56,1,rplY
-18.943960666656494,0.9338774178677072,59,1,rplY
-20.28527545928955,1.0,80,1,rplY
-19.676068782806396,0.9913218839295189,58,2,rpmB
-18.842767238616943,0.9493383929290649,57,2,rpmB
-19.84831476211548,1.0,42,2,rpmB
-14.485302925109863,0.7298001416602881,16,2,rpmB
-9.072720050811768,0.4094496408764609,106,10,rpmC
-11.323589324951172,0.5110308216904528,82,10,rpmC
-14.604575634002686,0.6591009327969372,61,10,rpmC
-22.158329486846924,1.0,48,10,rpmC
-13.226642847061157,0.78809977677551,125,9,rpmD
-16.782954692840576,1.0,30,9,rpmD
-9.796445846557617,0.7445739548091233,1,1,rpmE
-13.157115936279297,1.0,74,1,rpmE
-16.03589916229248,1.0,24,2,rpmF
-14.695459842681885,0.9164100930016719,34,2,rpmF
-4.9652581214904785,0.3096339077241147,55,2,rpmF
-20.678444862365723,1.0,122,3,rpmG
-13.362298965454102,0.6461945786732332,66,3,rpmG
-20.865187644958496,0.9843445523906739,1,1,rpmH
-20.083691120147705,0.9474763554686291,21,1,rpmH
-21.197036743164062,1.0,41,1,rpmH
-16.98288583755493,0.8011915081966269,56,1,rpmH
-14.850409984588623,0.7078342412074624,210,4,rpoA
-20.980067253112793,1.0,155,4,rpoA
-10.623023271560669,0.5063388569445382,72,4,rpoA
-13.93401050567627,0.6641547111155658,-14,4,rpoA
-18.7251296043396,1.0,0,5,rpoB
-14.189537525177002,0.7577804706830193,57,5,rpoB
-16.552281856536865,0.7711823971454879,81,6,rpoC
-21.463510990142822,1.0,92,6,rpoC
-17.409072875976562,0.9721057270130016,14,3,rpoD
-17.908620834350586,1.0,43,3,rpoD
-12.376246213912964,0.6910775725495313,44,3,rpoD
-5.148804783821106,0.2875042601798328,70,3,rpoD
-20.43268871307373,1.0,46,1,rpoH
-5.19428288936615,0.254214360249252,35,1,rpoH
-18.774500370025635,0.9188462974044569,34,1,rpoH
-16.703882694244385,0.8175078145029688,33,1,rpoH
-13.812407732009888,0.9236948625507035,56,1,rpoZ
-14.953431367874146,1.0,70,1,rpoZ
-3.479038715362549,0.23265821935939687,111,1,rpoZ
-8.737432479858398,0.36376731635632986,37,2,rpsA
-24.01928949356079,1.0,55,2,rpsA
-17.825037002563477,0.7421134171076168,142,2,rpsA
-10.32827377319336,0.4299991378163877,146,2,rpsA
-8.327064514160156,0.3466823827737501,1433,2,rpsA
-20.905613899230957,0.8703677061236735,1538,2,rpsA
-14.187933444976807,0.69482215247179,16,1,rpsB
-17.982742071151733,0.8806643759416851,56,1,rpsB
-20.419517993927002,1.0,61,1,rpsB
-14.26688003540039,0.6986883843018981,62,1,rpsB
-14.570192337036133,0.7076874974523544,63,8,rpsC
-20.588455200195312,1.0,50,8,rpsC
-15.325773239135742,0.7443867492783215,34,8,rpsC
-15.133128643035889,0.7350298259819089,20,8,rpsC
-6.570168375968933,0.29874465981933357,51,3,rpsD
-21.99258852005005,1.0,20,3,rpsD
-16.429077625274658,0.9200296701476504,181,8,rpsE
-17.857117176055908,1.0,170,8,rpsE
-17.27351188659668,0.967318056789045,72,8,rpsE
-17.579973220825195,0.8395239973099072,32,1,rpsF
-17.73797369003296,0.8470692411973673,36,1,rpsF
-20.94040584564209,1.0,41,1,rpsF
-11.798643350601196,0.5634390965281417,57,1,rpsF
-14.452571868896484,0.6579246097607159,47,2,rpsG
-7.150569200515747,0.3255154510555309,41,2,rpsG
-21.966911792755127,1.0,5,2,rpsG
-18.32900619506836,0.8343915780238814,0,2,rpsG
-18.963350772857666,0.8007270988975066,78,5,rpsH
-21.349374771118164,0.9014769134693882,43,5,rpsH
-23.682663917541504,1.0,36,5,rpsH
-23.10579013824463,0.9756415164567027,17,5,rpsH
-21.94575834274292,1.0,132,2,rpsI
-16.050640106201172,0.7313777840586146,94,2,rpsI
-16.46183490753174,0.7501146531568995,68,2,rpsI
-18.249392986297607,0.8315681190544214,45,2,rpsI
-17.05695676803589,0.8727365283873345,87,1,rpsJ
-17.289382457733154,0.8846288250199056,28,1,rpsJ
-19.281421184539795,0.9865535110286247,25,1,rpsJ
-19.544222354888916,1.0,10,1,rpsJ
-19.275089263916016,1.0,157,2,rpsK
-17.117187023162842,0.8880470948172011,141,2,rpsK
-17.81293535232544,0.9241428202188507,90,2,rpsK
-18.731765747070312,0.9718121400421822,14,2,rpsK
-15.902468204498291,0.7439505583372431,120,1,rpsL
-20.702887058258057,0.9685241428011321,65,1,rpsL
-21.37570571899414,1.0,32,1,rpsL
-18.014014720916748,0.842733098861375,16,1,rpsL
-15.883206367492676,0.8749453610583032,84,1,rpsM
-18.153369426727295,1.0,29,1,rpsM
-13.382600784301758,0.7371965209168546,7,1,rpsM
-19.081012725830078,0.858787166041566,169,4,rpsN
-17.759392738342285,0.7993044593348047,165,4,rpsN
-20.322665214538574,0.914670741893017,155,4,rpsN
-22.218558311462402,1.0,111,4,rpsN
-22.30622100830078,1.0,115,7,rpsO
-9.768212080001831,0.4379142516505508,112,7,rpsO
-20.99389362335205,0.9411676507436927,75,7,rpsO
-19.460391521453857,0.8724199188294642,66,7,rpsO
-13.693085193634033,0.6691623281714603,122,1,rpsP
-20.463024616241455,1.0,44,1,rpsP
-10.348493099212646,0.5658043252881938,126,11,rpsQ
-12.50503945350647,0.6837135941301247,95,11,rpsQ
-18.28987979888916,1.0,60,11,rpsQ
-18.989792346954346,0.808708707165878,43,3,rpsR
-19.583645820617676,0.833998845475856,103,3,rpsR
-19.596603393554688,0.8345506630979996,122,3,rpsR
-23.481622219085693,1.0,123,3,rpsR
-20.439115047454834,0.9840543181226553,37,6,rpsS
-20.77031183242798,1.0,26,6,rpsS
-16.650868892669678,0.8016667745292704,0,6,rpsS
-12.517083406448364,0.7416355462595913,167,1,rpsT
-16.87767457962036,1.0,33,1,rpsT
-14.449955940246582,0.85615798977987,0,1,rpsT
-19.60832691192627,1.0,67,1,rpsU
-14.973404169082642,0.6319934218674784,111,1,coaA
-23.692341804504395,1.0,55,1,coaA
-18.494641304016113,0.7806168531850197,49,1,coaA
-16.757986307144165,0.7073165854781874,37,1,coaA
-14.050002098083496,0.7520501253255653,53,2,secA
-8.525501728057861,0.45634189933137576,59,2,secA
-18.682268142700195,1.0,91,2,secA
-17.751246452331543,0.9501654893689965,99,2,secA
-15.26405119895935,0.9200369209995946,86,1,secB
-15.10033369064331,0.9101688885682644,77,1,secB
-16.590694189071655,1.0,54,1,secB
-11.099528312683105,0.6690213312469108,40,1,secB
-17.684350967407227,0.7746893296421852,1,3,secD
-22.82766819000244,1.0,18,3,secD
-17.34454345703125,0.759803555609216,78,3,secD
-3.914320468902588,0.17147263734177176,79,3,secD
-14.666504859924316,0.8165247596528821,16,1,secE
-15.325144290924072,0.8531930325802987,41,1,secE
-17.962106704711914,1.0,80,1,secE
-19.676955699920654,0.9939676279561278,35,4,secF
-19.796374797821045,1.0,41,4,secF
-19.2574200630188,0.9727750792603923,160,4,secF
-17.70478868484497,0.8943449932456173,249,4,secF
-21.307889461517334,1.0,12,1,serS
-21.052112579345703,0.9879961418687866,13,1,serS
-15.684309959411621,0.736079938265962,33,1,serS
-18.804678916931152,0.8825218917571798,62,1,serS
-22.445530891418457,0.973182979928155,35,1,gmk
-23.064039707183838,1.0,36,1,gmk
-22.71305274963379,0.9847820693162991,37,1,gmk
-17.159964561462402,0.7440138318924905,55,1,gmk
-13.28588056564331,0.7544947287884638,20,2,spoT
-6.0186439752578735,0.34179406711884974,40,2,spoT
-13.654213666915894,0.7754120764926966,44,2,spoT
-17.60897731781006,1.0,48,2,spoT
-20.433953285217285,0.9408062992789796,56,1,ssb
-13.798495292663574,0.6353010164362426,57,1,ssb
-21.316443920135498,0.9814373380602222,75,1,ssb
-21.71961784362793,1.0,94,1,ssb
-12.197434902191162,0.5033083041494746,32,7,sucB
-24.234519481658936,1.0,49,7,sucB
-23.731995105743408,0.9792641081125687,67,7,sucB
-17.857218265533447,0.7368505193200992,81,7,sucB
-24.09026050567627,1.0,0,1,suhB
-14.163496971130371,0.587934570811017,25,1,suhB
-11.46625018119812,0.47597036895870776,61,1,suhB
-23.62432622909546,1.0,58,1,thrS
-21.089285373687744,0.8926936230551377,31,1,thrS
-15.984292984008789,0.676603126328433,20,1,thrS
-18.033074855804443,0.7633265254183252,5,1,thrS
-16.159164428710938,0.6814313986423743,127,2,thyA
-7.4200698137283325,0.31290408445929235,112,2,thyA
-23.713560104370117,1.0,72,2,thyA
-12.732785701751709,0.5369411275958186,66,2,thyA
-16.68050765991211,0.9103315525321937,31,1,topA
-13.35447382926941,0.728814682509095,32,1,topA
-18.323552131652832,1.0,33,1,topA
-16.173359394073486,0.8826541534015657,43,1,topA
-17.262165546417236,1.0,9,1,trmA
-1.382605493068695,0.08009455646517391,7,1,trmA
-21.65858745574951,0.9679658846280335,113,3,trmD
-22.375362396240234,1.0,100,3,trmD
-7.023175358772278,0.31387984848694084,51,3,trmD
-17.16493558883667,0.7671355343822686,40,3,trmD
-19.483590126037598,0.7822289066614636,51,7,trpS
-15.418188571929932,0.6190108040305913,36,7,trpS
-20.672348499298096,0.8299552834013201,35,7,trpS
-24.907785892486572,1.0,12,7,trpS
-17.10522985458374,0.8021217204837247,133,2,tsf
-21.32498025894165,1.0,193,2,tsf
-14.042945146560669,0.6585208978410381,236,2,tsf
-23.646923065185547,1.0,282,4,tufA
-6.238252878189087,0.2638082282837646,99,4,tufA
-14.54044485092163,0.6148979641384704,87,4,tufA
-9.268566131591797,0.3919565393790091,67,4,tufA
-5.853500485420227,0.27056804944956064,59,5,tufB
-16.41818904876709,0.7589027108622743,88,5,tufB
-21.63411569595337,1.0,283,5,tufB
-9.595530033111572,0.39522135578389805,125,2,tyrS
-8.108193635940552,0.3339608412142769,98,2,tyrS
-19.901989936828613,0.8197245403316473,52,2,tyrS
-24.27887535095215,1.0,51,2,tyrS
-18.814196586608887,0.8973762654959176,119,2,valS
-15.264400005340576,0.7280624611724297,94,2,valS
-20.96578359603882,1.0,38,2,valS
-15.450586080551147,0.7369429341753919,20,2,valS
-13.151183843612671,0.5325273533965262,35,1,ribF
-24.69579029083252,1.0,42,1,ribF
-21.394469261169434,0.8663204946760262,177,1,ribF
-24.026639938354492,0.972904274591025,205,1,ribF
-19.905441284179688,1.0,31,4,fkpB
-6.9387288093566895,0.34858452572319537,35,4,fkpB
-11.868675947189331,0.5962528425140837,70,4,fkpB
-15.308905601501465,0.7690814477782301,73,4,fkpB
-17.28829860687256,0.8406900476486691,8,1,mraZ
-17.027350902557373,0.828000763239425,57,1,mraZ
-17.836735248565674,0.8673592553550871,61,1,mraZ
-20.564414501190186,1.0,62,1,mraZ
-16.969621181488037,0.7961419017634668,46,2,rsmH
-21.314819812774658,1.0,65,2,rsmH
-20.778014183044434,0.9748153803576374,69,2,rsmH
-8.673185348510742,0.4069086872276829,125,2,rsmH
-13.66597580909729,0.6411490188111668,901,2,rsmH
-21.116552352905273,0.8536547870608919,56,3,ftsL
-24.73664140701294,1.0,65,3,ftsL
-14.927531003952026,0.6034582770690935,117,3,ftsL
-5.281379222869873,0.21350429656034794,125,3,ftsL
-23.11500310897827,1.0,96,1,secM
-17.508139610290527,0.7574361780418736,115,1,secM
-14.766119956970215,0.6388110738014479,120,1,secM
-13.49525260925293,0.5838308801269916,129,1,secM
-15.972130298614502,0.816576117429432,45,2,yajC
-15.911868572235107,0.8134952330616938,59,2,yajC
-19.559879302978516,1.0,116,2,yajC
-5.8651169538497925,0.2998544552857579,139,2,yajC
-16.120360851287842,1.0,21,1,yceD
-14.257482528686523,0.884439415482905,22,1,yceD
-14.057124137878418,0.8720105131365844,23,1,yceD
-11.828758716583252,0.7337775392067767,505,1,yceD
-14.208768367767334,0.7728463813228442,78,1,tsaD
-8.129745483398438,0.4421948627280981,48,1,tsaD
-15.168004512786865,0.825021359781509,39,1,tsaD
-18.384984016418457,1.0,27,1,tsaD
-18.9668927192688,1.0,94,5,rbfA
-6.5251970291137695,0.3440308924447444,67,5,rbfA
-12.94561219215393,0.6825373235228065,22,5,rbfA
-12.12248969078064,0.545447719793611,102,2,rimP
-20.22694492340088,0.9101052067918484,55,2,rimP
-17.848618030548096,0.8030931149096868,54,2,rimP
-22.22484254837036,1.0,44,2,rimP
-7.053254127502441,0.4866357436669975,47,3,waaC
-13.647122383117676,0.9415763886809846,57,3,waaC
-14.493908882141113,1.0,73,3,waaC
-10.466699838638306,0.722144724639121,74,3,waaC
-2.5697251558303833,0.12903493338344266,24,2,coaD
-19.91495704650879,1.0,39,2,coaD
-12.500937938690186,0.6277160382267395,40,2,coaD
-15.843131065368652,0.7955393038694024,46,2,coaD
-19.42887258529663,0.804676593183285,67,1,yidC
-23.592362880706787,0.977113937241927,86,1,yidC
-24.14494562149048,1.0,87,1,yidC
-15.67129898071289,0.6490509122026962,93,1,yidC
-18.862568378448486,1.0,93,1,glmU
-8.00534725189209,0.4244038824022839,71,1,glmU
-18.548763275146484,0.983363606853214,63,1,glmU
-12.292434453964233,0.651684023476305,36,1,glmU
-0.3990423008799553,0.020677979822909916,18,5,yigB
-17.87315273284912,0.9261692075417916,43,5,yigB
-2.273366689682007,0.11780362742410547,61,5,yigB
-19.297934532165527,1.0,62,5,yigB
0.11182630062103271,-0.0057947289869100865,706,5,yigB
-19.121456623077393,1.0,39,1,yihA
-17.751780033111572,0.9283696521156878,33,1,yihA
-8.331498146057129,0.43571461684576746,25,1,yihA
-13.283838748931885,0.6947085157152633,11,1,yihA
-17.755679607391357,0.8071260112143828,10,2,murI
-21.99864625930786,1.0,33,2,murI
0.6922368053346872,-0.031467245628434726,67,2,murI
-8.396794080734253,0.3816959453667055,70,2,murI
-16.476401329040527,0.704690016703226,22,1,murB
-20.51924228668213,0.8776009336610159,70,1,murB
-23.381062507629395,1.0,97,1,murB
-21.287763118743896,0.9104703052651075,112,1,murB
-10.570701837539673,1.0,63,1,nsrR
-9.535781860351562,0.902095433861089,79,1,nsrR
-7.5807952880859375,0.7171515576349248,157,1,nsrR
-11.383666038513184,0.8078715750584764,51,3,rpmI
-14.090935230255127,1.0,5,3,rpmI
-21.17465114593506,1.0,92,12,rpmJ
-13.406498908996582,0.6331390688139037,34,12,rpmJ
-15.402941226959229,0.7274236123562376,18,12,rpmJ
-24.468158721923828,1.0,6,3,mukE
-10.852388620376587,0.44353107006178966,45,3,mukE
-14.033172369003296,0.573527927805592,77,3,mukE
-11.718657493591309,0.4789349957539396,180,3,mukE
-15.14660358428955,0.891169605451889,63,2,rlmH
-16.82706117630005,0.9900414562213874,54,2,rlmH
-16.99631977081299,1.0,38,2,rlmH
-12.191387414932251,0.7172957192690602,21,2,rlmH
-21.88906240463257,1.0,102,1,rsfS
-15.809608459472656,0.7222606508777066,93,1,rsfS
-16.14448308944702,0.7375593705662892,49,1,rsfS
-17.198020935058594,0.785690159639676,19,1,rsfS
-13.45326042175293,1.0,15,2,rnr
-9.0989351272583,0.6763368017871708,20,2,rnr
-15.6890549659729,0.8906077241288883,16,1,cmk
-15.706452131271362,0.8915952947522536,18,1,cmk
-14.911101818084717,0.8464462954117168,28,1,cmk
-17.616122722625732,1.0,38,1,cmk
-8.958629608154297,0.5375188734916585,106,2,fmt
-16.666632652282715,1.0,111,2,fmt
-16.00996971130371,0.9606001431315482,116,2,fmt
-13.084764957427979,0.5281725785784184,54,4,fabZ
-24.773654460906982,1.0,65,4,fabZ
-21.791550159454346,0.8796259830717176,66,4,fabZ
-20.811092853546143,0.8400493712538942,155,4,fabZ
-18.773725986480713,0.7578101170380735,446,4,fabZ
-15.184417247772217,0.6129260126612868,454,4,fabZ
-15.491300582885742,0.7409013297294315,31,1,lolB
-13.860651969909668,0.6629124146469787,28,1,lolB
-20.90872287750244,1.0,12,1,lolB
-11.692345380783081,0.5592089698297125,7,1,lolB
-21.720954418182373,1.0,26,5,fabD
-16.347389698028564,0.7526091802091507,27,5,fabD
-17.60354518890381,0.8104406855238402,46,5,fabD
-12.301155090332031,0.5663266380244723,81,5,fabD
-19.629244804382324,0.8444922269520586,34,6,fabG
-23.24384307861328,1.0,44,6,fabG
-22.82494068145752,0.9819779200995727,82,6,fabG
-7.769584894180298,0.3342642121572879,83,6,fabG
-15.568673372268677,1.0,11,1,nrdR
-8.436265230178833,0.5418743799459321,12,1,nrdR
-11.818579912185669,0.759125689748057,25,1,nrdR
-1.3746436834335327,0.0882954925293817,80,1,nrdR
-19.64753770828247,1.0,31,3,ribE
-12.945199489593506,0.6588713395947027,32,3,ribE
-16.986994743347168,0.8645864431239267,33,3,ribE
-18.267173290252686,0.929743643273534,151,3,ribE
-21.632385730743408,1.0,40,1,ribA
-20.040290355682373,0.9264022288212812,39,1,ribA
-15.44333553314209,0.7138988609654092,35,1,ribA
-11.74726152420044,0.5430404981871937,27,1,ribA
-17.157775402069092,1.0,57,1,mnmA
-4.943104386329651,0.28809704466311825,54,1,mnmA
-15.516197204589844,0.9043245316475418,39,1,mnmA
-24.880061149597168,0.9987213859869647,133,2,murA
-9.894868850708008,0.39719424616037763,124,2,murA
-24.911913871765137,1.0,80,2,murA
-14.93746280670166,0.5996112094635813,37,2,murA
-19.12290048599243,0.7484144101339205,68,1,folE
-25.55121898651123,1.0,28,1,folE
-22.311359405517578,0.8732013692691527,27,1,folE
-22.15380096435547,0.8670349925790509,5,1,folE
-13.386361598968506,0.5737511095347775,85,1,plsC
-14.850794315338135,0.6365179703911916,76,1,plsC
-23.33130407333374,1.0,66,1,plsC
-22.55528163909912,0.9667390030237716,30,1,plsC
-23.122037410736084,0.9829089071803245,0,3,lpxK
-23.524089813232422,1.0,31,3,lpxK
-18.17119550704956,0.7724505241783327,32,3,lpxK
-19.10136318206787,0.8119915938819131,61,3,lpxK
-17.309871673583984,0.8365389678470381,41,2,glnD
-8.878538846969604,0.42907560859438676,40,2,glnD
-20.69224786758423,1.0,14,2,glnD
-17.491212368011475,0.8453026698666515,10,2,glnD
-21.263407707214355,0.9440939860567199,83,3,holA
-22.52255392074585,1.0,28,3,holA
-18.510071277618408,0.8218460190062422,17,3,holA
-19.903411388397217,0.8837102336810879,16,3,holA
-6.034536719322205,0.2897663431086867,126,1,holC
-20.82552671432495,1.0,60,1,holC
-14.429305791854858,0.6928663072867003,42,1,holC
-9.533270835876465,0.45776853409997803,22,1,holC
-17.73224401473999,0.8514667723886556,-4,1,holC
-18.427111625671387,0.8848329206000921,-6,1,holC
-21.82547378540039,1.0,10,1,holD
-17.765953063964844,0.814000797354921,11,1,holD
-20.15431833267212,0.9234309656156857,46,1,holD
-10.648928880691528,0.48791283916204675,65,1,holD
-1.4126806855201721,0.06472623226466451,401,1,holD
-0.8693212736397982,0.039830579724748474,402,1,holD
-5.2281317710876465,0.28717561678581477,62,2,dcd
-6.438945889472961,0.3536843251514299,61,2,dcd
-18.205347061157227,1.0,30,2,dcd
-7.391148924827576,0.40598780676899415,16,2,dcd
-22.623140811920166,1.0,79,1,tktA
-9.377090692520142,0.4144911075998492,72,1,tktA
-15.768727779388428,0.697017620607297,66,1,tktA
-8.988861560821533,0.3973303987961428,6,1,tktA
-16.8089337348938,1.0,30,1,def
-16.42219877243042,0.976992296563074,152,1,def
-1.5517685413360596,0.09231808309855676,164,1,def
-15.8205246925354,0.801989966026061,85,1,csrA
-19.72658681869507,1.0,57,1,csrA
-16.483838081359863,0.8356153161649829,33,1,csrA
-18.924198150634766,0.7143250806814408,26,11,wzyE
-26.492417335510254,1.0,73,11,wzyE
-0.14475209265947342,0.0054639065520626804,89,11,wzyE
-18.075573444366455,0.682292341066894,139,11,wzyE
-19.289586067199707,0.8035691704408261,27,4,holB
-24.00488567352295,1.0,49,4,holB
-19.351202487945557,0.8061359987766848,61,4,holB
-2.724407196044922,0.11694116732521295,72,2,ftsH
-12.947679996490479,0.5557600989826265,58,2,ftsH
-23.204638957977295,0.9960249595014043,36,2,ftsH
-23.29724645614624,1.0,13,2,ftsH
-15.012932300567627,0.8608793818459465,99,1,rlmE
-13.987903594970703,0.8021016520339452,34,1,rlmE
-17.43906593322754,1.0,30,1,rlmE
-25.01035499572754,1.0,57,1,fabI
-16.076968669891357,0.6428124939705073,45,1,fabI
-14.142011880874634,0.5654462674876258,36,1,fabI
-18.592737197875977,0.7434015711113309,15,1,fabI
-7.508198022842407,0.3206396835843605,89,1,ftsN
-10.781041860580444,0.4604073894121394,35,1,ftsN
-23.416309356689453,1.0,31,1,ftsN
-16.132070779800415,0.6889245668080434,25,1,ftsN
-16.885036945343018,1.0,10,1,pyrH
-15.983086585998535,0.9465828613663031,22,1,pyrH
-5.944139361381531,0.35203591088504876,179,1,pyrH
-11.929943084716797,0.7065393533537478,185,1,pyrH
-13.700419425964355,0.9455130202822929,25,1,rnt
-14.4899320602417,1.0,38,1,rnt
-13.86928129196167,0.9571667578771466,57,1,rnt
-2.807783931493759,0.1937748168742569,82,1,rnt
-17.586531162261963,0.8614578610035134,96,2,glmM
-20.41484785079956,1.0,59,2,glmM
-14.590763807296753,0.6269177954730253,45,1,lptD
-19.184038639068604,0.8242759166493866,33,1,lptD
-22.989905834197998,0.9878016856458266,25,1,lptD
-23.273807048797607,1.0,17,1,lptD
-22.8489933013916,1.0,17,1,accA
-19.099228858947754,0.8358892931087922,80,1,accA
-9.611681938171387,0.42066106858134505,169,1,accA
-13.33054256439209,0.5834192512796703,206,1,accA
-15.630784749984741,1.0,25,2,degS
-3.359724760055542,0.21494280765774232,72,2,degS
-6.577611684799194,0.42081135336507114,92,2,degS
-10.523172616958618,0.6732338001755728,93,2,degS
-16.07448673248291,0.6968546510844307,26,6,lptB
-14.66546106338501,0.635771139843972,37,6,lptB
-23.067201614379883,1.0,47,6,lptB
-14.114028453826904,0.6118656562583797,71,6,lptB
-9.790902614593506,0.8829866373785722,18,1,gmhB
-8.372429609298706,0.755062506329544,19,1,gmhB
-11.088392734527588,1.0,35,1,gmhB
-10.806210994720459,0.974551610268235,46,1,gmhB
-0.3449113070964813,0.031105617861322623,540,1,gmhB
-11.429413557052612,0.693730331184127,1,2,tsaE
-9.65366816520691,0.585948034862925,21,2,tsaE
-16.475297451019287,1.0,26,2,tsaE
-13.47080373764038,0.8176364510376093,27,2,tsaE
-13.688686847686768,1.0,27,1,smpB
-13.344494819641113,0.9748557307303864,106,1,smpB
-9.438931941986084,0.6895425431973525,107,1,smpB
-12.77492642402649,0.9332470357582405,130,1,smpB
-14.808670043945312,0.5595885716476785,63,1,rpoE
-16.572786808013916,0.6262508429586997,43,1,rpoE
-17.352489948272705,0.65571418877381,28,1,rpoE
-26.463496208190918,1.0,22,1,rpoE
-18.4770827293396,0.8840978276920033,16,1,yejL
-20.899364471435547,1.0,17,1,yejL
-6.626834869384766,0.3170830806095597,87,1,yejL
-17.11888074874878,0.8191101108431412,91,1,yejL
-12.218952894210815,0.4552026363061359,26,2,yejM
-26.842886924743652,1.0,40,2,yejM
-18.64211940765381,0.6944901068174447,41,2,yejM
-7.37023389339447,0.2745693454678536,113,2,yejM
-24.58201837539673,1.0,117,1,secG
-16.954243183135986,0.6897010214631069,99,1,secG
-9.759629011154175,0.39702309477248793,96,1,secG
-22.810086250305176,0.9279175494041199,46,1,secG
-14.901901245117188,0.8731486431147658,85,1,rluD
-17.06685495376587,1.0,43,1,rluD
-16.4733304977417,0.9652235600740717,36,1,rluD
-14.826279401779175,1.0,52,1,prfC
-14.44573163986206,0.974332888811508,65,1,prfC
-12.49040412902832,0.8424503404090343,66,1,prfC
-12.697248697280884,0.8564015524864044,1579,1,prfC
-10.273749351501465,0.6929418415161258,1580,1,prfC
-19.941514015197754,0.8623580218052492,59,1,lgt
-22.40353298187256,0.968826457658746,38,1,lgt
-23.12440252304077,1.0,26,1,lgt
-20.954166889190674,0.9061495477910095,6,1,lgt
-9.041084289550781,0.7439407448864179,66,2,hscA
-12.152962923049927,1.0,44,2,hscA
-11.149652004241943,0.9174431021339616,26,2,hscA
-24.07650375366211,1.0,41,1,nadK
-23.970720291137695,0.9956063611391948,42,1,nadK
-7.150010824203491,0.2969704778301107,50,1,nadK
-14.214274883270264,0.590379526392333,51,1,nadK
-14.548834800720215,0.7887391614704465,28,1,tusA
-17.981716632843018,0.974846734673603,23,1,tusA
-18.445685863494873,1.0,22,1,tusA
-13.973404169082642,0.7575432148466137,18,1,tusA
-24.702972888946533,1.0,55,3,tmk
-19.31592035293579,0.7819269542889227,98,3,tmk
-24.186006546020508,0.9790727073518611,123,3,tmk
-24.6944522857666,0.9996550778232953,158,3,tmk
-4.6676695346832275,0.2402366556767765,125,1,coaE
-19.42946434020996,1.0,96,1,coaE
-5.297944903373718,0.27267580879259934,57,1,coaE
-13.917578220367432,0.7163130170070882,18,1,coaE
-18.080387115478516,1.0,38,3,prmC
-16.53416919708252,0.9144809285044407,59,3,prmC
-15.489523887634277,0.8567031108738697,60,3,prmC
-15.321804523468018,1.0,69,1,rhoL
-11.192202091217041,0.4799975762644386,61,1,rseP
-23.31720542907715,1.0,91,1,rseP
-18.123318195343018,0.7772508695550102,172,1,rseP
-11.122492551803589,0.47700795816352665,194,1,rseP
-11.424420833587646,1.0,114,1,prmB
-11.203754901885986,0.980684716108067,45,1,prmB
-2.8766403794288635,0.13397977306451736,91,2,lpxH
-21.470706462860107,1.0,90,2,lpxH
0.38676583766937256,-0.01801365215152085,57,2,lpxH
-14.191035747528076,0.6609487103778183,47,2,lpxH
-18.905831813812256,0.8789067148251577,30,2,yciM
-19.77015256881714,0.919087825226317,37,2,yciM
-21.510623931884766,1.0,43,2,yciM
-16.230195999145508,0.7545200013974404,97,2,yciM
-13.860391616821289,0.5720585820965579,16,1,dxr
-24.22897243499756,1.0,31,1,dxr
-21.84720468521118,0.9016975335550743,75,1,dxr
-18.548306941986084,0.7655424509540474,76,1,dxr
0.5177875757217407,-0.028379305777534922,97,2,gpsA
-18.245251655578613,1.0,85,2,gpsA
-14.17405915260315,0.7768629022044391,54,2,gpsA
-9.689265489578247,0.5310568290580792,39,2,gpsA
-18.441494464874268,1.0,7,2,pta
-18.139545917510986,0.9836266768976665,8,2,pta
-12.865055084228516,0.6976145620265612,27,2,pta
-15.995809078216553,0.8673813886767127,31,2,pta
-18.198020935058594,1.0,6,1,argU
-19.438166618347168,0.984352493747283,45,1,ffs
-19.7471604347229,1.0,46,1,ffs
-16.126200199127197,0.8166338776876143,66,1,ffs
-17.369110107421875,0.8795750743423585,77,1,ffs
-18.52420997619629,0.9889037742298465,5,2,gltW
-18.732065200805664,1.0,4,2,gltW
-14.56873369216919,0.9077454724139888,33,3,glyT
-16.049359798431396,1.0,37,3,glyT
-17.60625123977661,1.0,29,2,hisR
-6.62304162979126,0.376175571937101,43,2,hisR
-15.195796489715576,0.8630909716535649,64,2,hisR
-17.332942485809326,0.8643904127272398,32,2,leuU
-20.052215099334717,1.0,3,2,leuU
-21.47563648223877,1.0,42,1,metY
-1.8699739798903465,0.10795788947335198,4,1,pheU
-17.321327686309814,1.0,3,1,pheU
-14.27741026878357,1.0,42,4,proM
-19.039742469787598,0.9766402875785091,71,5,rnpB
-12.564690828323364,0.6445036367157165,36,5,rnpB
-19.4951434135437,1.0,21,5,rnpB
-7.463823556900024,0.3828555347643528,0,5,rnpB
-18.142698764801025,0.9306265863218476,-16,5,rnpB
-17.695722579956055,0.9118763957575727,276,3,rrlC
-19.405834674835205,1.0,2208,3,rrlC
-13.022722959518433,0.6710725499689965,2522,3,rrlC
-14.065399885177612,0.6919854436948053,116,3,rrlG
-20.326149940490723,1.0,106,3,rrlG
-15.88852858543396,0.781679198074949,33,3,rrlG
-20.107382774353027,0.9892371567277529,32,3,rrlG
-15.261393070220947,1.0,195,1,rrsA
-0.6620528846979141,0.04341126783865763,208,1,rrsG
-15.250715255737305,1.0,176,1,rrsG
-14.80561113357544,1.0,50,1,serT
-9.527759552001953,0.6435235577946098,29,1,serT
-4.879217624664307,0.3295519232974758,0,1,serT
-19.04821538925171,0.8832016482950995,33,1,serV
-21.567232608795166,1.0,32,1,serV
-16.20869207382202,0.751542507461624,31,1,serV
-20.49703359603882,0.9503784731138886,12,1,serV
-17.27002191543579,1.0,37,1,ssrA
-12.428661584854126,0.7196668102514392,38,1,ssrA
-14.57064151763916,0.8436956009080713,50,1,ssrA
-12.596187591552734,0.7293672036567814,65,1,ssrA
-22.122090339660645,1.0,4,1,thrU
-21.865375518798828,0.9883955441407101,52,1,thrU
-15.757205486297607,0.8751411384268212,29,1,trpT
-18.005330562591553,1.0,36,1,trpT
-12.977849960327148,1.0,46,2,tyrU
-22.10847759246826,0.9882798741647711,265,1,rplU
-22.370664596557617,1.0,155,1,rplU
-15.94483232498169,0.7127563088776213,57,1,rplU
-18.420491695404053,0.8234217457374327,16,1,rplU
-23.985710620880127,0.9722440744332147,90,2,rpmA
-24.670462131500244,1.0,61,2,rpmA
-19.30187463760376,0.7823880450524008,-16,2,rpmA
-19.405553817749023,0.7733471765235548,73,7,acpP
-6.535943865776062,0.2604694399338032,98,7,acpP
-7.201465129852295,0.28699169203356023,121,7,acpP
-25.092939376831055,1.0,193,7,acpP
-15.105598449707031,0.923568467513852,7,2,tpke11
-0.6245751827955246,0.0381870302154652,50,2,tpke11
-4.545820116996765,0.27793510684310346,55,2,tpke11
-16.35568881034851,1.0,58,2,tpke11
-0.36876602470874786,0.02254665205389721,171,2,tpke11
-3.718795359134674,0.22737014639100567,189,2,tpke11
-3.75462543964386,0.22956082639994027,190,2,tpke11
-17.45057439804077,0.7491094367485777,41,1,tff
-14.138073444366455,0.6069120702301042,94,1,tff
-23.295093536376953,1.0,99,1,tff
-21.884740352630615,1.0,55,2,sroE
-18.78563690185547,0.8583897546491739,45,2,sroE
-18.8541522026062,0.861520488651348,44,2,sroE
-13.29651951789856,0.6075703574111756,20,2,sroE
-15.4021897315979,1.0,40,1,b0100
-17.762971878051758,0.8783330021359168,24,1,ispU
-14.284731388092041,0.7063430089821305,42,1,ispU
-15.087577819824219,0.7460416878675454,56,1,ispU
-20.2235050201416,1.0,89,1,ispU
-15.65452527999878,0.859277348322713,49,1,bamA
-18.218245029449463,1.0,101,1,bamA
-16.028886795043945,0.8798260627812141,115,1,bamA
-12.833920240402222,0.7044542555913823,127,1,bamA
-11.111101388931274,0.4277454943818459,31,3,dxs
-10.98871898651123,0.42303412334900226,30,3,dxs
-20.792124271392822,0.8004370731937986,25,3,dxs
-25.975963592529297,1.0,18,3,dxs
-1.2765561491250992,0.06789428829417017,100,1,ybeZ
-18.802114009857178,1.0,74,1,ybeZ
-16.25824546813965,0.8647030573060092,67,1,ybeZ
-17.859455585479736,0.9498642320813901,66,1,ybeZ
-18.7993745803833,0.8387585296427017,25,1,lolA
-21.233579635620117,0.9473637518137488,73,1,lolA
-22.413333415985107,1.0,92,1,lolA
-10.653454065322876,0.47531769896060494,116,1,lolA
-7.768866062164307,0.514128058948874,31,1,ycaR
-15.110760688781738,1.0,35,1,ycaR
-12.532244443893433,0.8293589384416231,36,1,ycaR
-9.943605661392212,1.0,171,1,ymdE
-10.605968475341797,0.44028192830268337,0,1,murJ
-24.089038848876953,1.0,25,1,murJ
-21.180689811706543,0.8792667048521117,28,1,murJ
-17.968148231506348,0.7459055690943034,43,1,murJ
-19.683897495269775,0.7907728467050484,8,1,lolC
-15.31183385848999,0.6151313504585454,12,1,lolC
-24.891974449157715,1.0,82,1,lolC
-23.50725507736206,0.9443708503468069,94,1,lolC
-18.95706605911255,0.7187986485029799,14,2,lolD
-24.5566668510437,0.9311197676490274,32,2,lolD
-26.373263359069824,1.0,67,2,lolD
-24.2558012008667,0.9197117880569404,139,2,lolD
-22.253770351409912,0.9176495661659204,106,3,lolE
-23.489084720611572,0.9685886060264001,107,3,lolE
-24.250837326049805,1.0,192,3,lolE
-11.418395757675171,0.47084542294998366,222,3,lolE
-14.265822410583496,1.0,72,1,ymfK
-11.12519907951355,0.779849822836713,36,1,ymfK
-4.153856635093689,0.29117540619404003,13,1,ymfK
-6.804407358169556,0.31403545299488983,185,1,yciS
-21.667640686035156,1.0,251,1,yciS
-21.25692129135132,1.0,48,1,tsaB
0.9062008857727051,-0.04263086236017658,24,1,tsaB
-19.342410564422607,0.9099347125254843,0,1,tsaB
-19.991193294525146,0.9404557235980757,-1,1,tsaB
-21.42219829559326,1.0,41,1,asnW
-14.881481647491455,0.6946757490594562,3,1,asnW
-13.551952838897705,0.7086332764034823,208,1,zipA
-16.12301015853882,0.843074179046605,109,1,zipA
-17.366620540618896,0.9081027184828795,85,1,zipA
-19.124070644378662,1.0,81,1,zipA
-14.534603595733643,0.7233335179560284,71,1,hda
-16.598463535308838,0.8260442015208449,41,1,hda
-10.013899207115173,0.4983547638042128,29,1,hda
-20.09391689300537,1.0,11,1,hda
-18.9782452583313,0.8025524749373908,61,2,der
-8.194972038269043,0.34654916731399754,32,2,der
-23.64735746383667,1.0,8,2,der
-12.876664638519287,0.9491274109051305,46,1,bamB
-13.566845178604126,1.0,45,1,bamB
-10.92686128616333,0.8054091531460654,26,1,bamB
-10.533750057220459,0.7764332767527212,-1,1,bamB
-9.771400928497314,0.8344155762850319,31,1,bamD
-11.710472822189331,1.0,44,1,bamD
-9.664880752563477,0.825319429822696,96,1,bamD
-5.742003440856934,0.49033062354039414,235,1,bamD
-20.12881851196289,1.0,5,1,ileY
-18.677202701568604,1.0,45,1,ispD
0.31733469665050507,-0.01699048308898279,38,1,ispD
-14.16383671760559,0.7583489317924489,30,1,ispD
-17.05155324935913,0.9129607640831063,9,1,ispD
-19.64458465576172,1.0,90,1,ftsB
-22.727664947509766,1.0,31,1,yqgE
-14.837087631225586,0.6528205895982844,36,1,yqgE
-21.19663095474243,0.9326356668710445,44,1,yqgE
-20.083195686340332,0.8836453605208932,51,1,yqgE
-13.503077745437622,0.8369019379781272,63,2,mqsA
-13.454442262649536,0.8338875785433973,56,2,mqsA
-16.134599685668945,1.0,22,2,mqsA
-0.22546468675136566,0.01397398703059411,19,2,mqsA
-8.086219072341919,0.5983809058471321,84,1,rfaE
-12.139961242675781,0.8983581746119484,83,1,rfaE
-10.66023302078247,0.7888581591037556,82,1,rfaE
-13.513497829437256,1.0,17,1,rfaE
-6.800226092338562,0.32702977184451104,94,2,higA
-20.79390525817871,1.0,93,2,higA
-18.19649028778076,0.8750876789064753,56,2,higA
0.5229566767811775,-0.025149517143995204,15,2,higA
-18.99660015106201,1.0,101,2,obgE
-13.280117511749268,0.699078645975861,89,2,obgE
-11.53167462348938,0.6070388665228971,73,2,obgE
-6.398321628570557,0.3368140392328496,70,2,obgE
-19.962154865264893,1.0,46,1,ibaG
-14.83590030670166,0.743201343083298,45,1,ibaG
-15.084015369415283,0.7556306155936198,-1,1,ibaG
-19.229759693145752,0.7946036458145123,31,3,kdsC
-24.20044231414795,1.0,41,3,kdsC
-22.43218231201172,0.9269327403531596,52,3,kdsC
-22.127805709838867,0.9143554246900113,92,3,kdsC
-26.11862850189209,1.0,13,4,lptC
-20.204655170440674,0.7735725927943347,76,4,lptC
-15.71204662322998,0.601564765243771,91,4,lptC
-21.908591270446777,0.8388109379043265,94,4,lptC
-19.271372318267822,1.0,46,5,lptA
-15.908673286437988,0.8255080657311443,72,5,lptA
-16.800365447998047,0.8717783648480786,88,5,lptA
-15.783271312713623,0.8190009020661315,105,5,lptA
-14.354552745819092,1.0,87,2,tsaC
-14.12175989151001,0.9837826466326591,77,2,tsaC
-14.072080135345459,0.9803217407413891,72,2,tsaC
-10.721567869186401,0.7469106184662678,13,2,tsaC
-2.425803005695343,0.17572988474569082,130,4,tusB
-10.899930715560913,0.78961216713988,124,4,tusB
-11.824642658233643,0.8566000976220022,27,4,tusB
-13.804157495498657,1.0,26,4,tusB
-22.107728481292725,1.0,146,3,tusC
-16.18590259552002,0.7321377503444699,55,3,tusC
-14.216169357299805,0.6430407072046929,48,3,tusC
-9.802545070648193,0.44339901672589205,35,3,tusC
-18.362840175628662,1.0,94,2,tusD
-13.067081451416016,0.71160459528253,29,2,tusD
-1.1215918362140656,0.06107943136719411,24,2,tusD
-13.528794288635254,0.7367484637039318,12,2,tusD
-6.5306077003479,0.4884788184012199,59,1,yheO
-13.369275093078613,1.0,30,1,yheO
-12.06141996383667,0.9021745666734743,21,1,yheO
-12.489932298660278,0.9342265913225484,6,1,yheO
-21.191208362579346,1.0,40,1,yrfF
-14.242938041687012,0.6721154262650737,79,1,yrfF
-12.578604698181152,0.59357656642144,96,1,yrfF
-16.555806159973145,1.0,33,1,epmB
-12.312145471572876,0.7436753820747106,28,1,epmB
-14.947192668914795,0.9028368974899281,19,1,epmB
-15.05708360671997,0.9094745046679379,18,1,epmB
-17.714512825012207,0.930641923783561,86,1,rsgA
-14.017650604248047,0.7364251816648087,48,1,rsgA
-19.034724712371826,1.0,37,1,rsgA
-0.255253367125988,0.01340987962699998,21,1,rsgA
-15.530574321746826,0.783103414042577,10,1,orn
-19.832086086273193,1.0,49,1,orn
-13.999130725860596,0.7058829144327945,60,1,orn
-14.392887115478516,0.7257374263537799,61,1,orn
-20.361075401306152,0.7390726037141643,44,1,lptF
-26.226723670959473,0.9519857162920031,104,1,lptF
-23.590961456298828,0.8563120053329203,132,1,lptF
-27.549492835998535,1.0,151,1,lptF
-15.91202163696289,0.7532400225615851,9,2,lptG
-21.12476921081543,1.0,127,2,lptG
-19.664472103118896,0.9308727544843949,169,2,lptG
0.18157139280810952,1.0,40,2,cysT
-20.496642589569092,1.0,9,1,yidD
-5.219034671783447,0.2546287592700405,21,1,yidD
-16.157115936279297,0.7882810985103377,35,1,yidD
-3.6970930993556976,0.18037554605343895,43,1,yidD
-14.137200832366943,0.9150545523007645,128,2,glnA3'
-14.301113605499268,0.9256640874565202,127,2,glnA3'
-1.601153701543808,0.1036374173999463,113,2,glnA3'
-15.44957160949707,1.0,70,2,glnA3'
