"","T0","T4","T8","Tend"
"13",0,0.284960894414431,1.11966686810364,1
"36",0,0.724214430726109,0.990336309214075,1
"37",0,0.880569795387221,1,1
"40",0,0.791991101536023,1.00785452462285,1
"76",0,0.218218712273696,1,1
"81",0,0.120749108832614,0.874935871331055,1
"84",0,-0.0249975414589896,0.601464228262516,1
"87",0,0.122572392549843,0.916145612504897,1
"90",0,0.109456538377907,0.944650395802497,1
"91",0,-0.246273032114807,0.954342487529269,1
"97",0,0.701404022970291,1,1
"99",0,-0.135694177588664,1.00550955325774,1
"108",0,0.0132346130656896,0.974161317523057,1
"118",0,-0.650426182206067,1.00888223110562,1
"121",0,-0.267148000229418,0.802810362109116,1
"122",0,-0.151163408524235,0.927816100781045,1
"153",0,0.522639243254555,1,1
"163",0,0.736372479204272,1,1
"179",0,0.50067176014302,0.793222920122701,1
"182",0,0.23094738419128,0.882327113321311,1
"188",0,0.362718536314888,0.893895653116816,1
"194",0,0.467101419262736,0.98943237427275,1
"206",0,0.464152617204534,0.992937630137599,1
"210",0,-0.27296014339102,1,1
"211",0,0.308218859600233,0.776310326597725,1
"224",0,-0.671333104785682,1,1
"225",0,0.283843971410552,1,1
"235",0,0.283843971410552,0.738544081340733,1
"241",0,-0.979521386807658,0.925260209509074,1
"246",0,0.774098718725227,1,1
"268",0,0.283642293261352,1.04815783063824,1
"288",0,0.520887503780891,0.950661631797551,1
"305",0,0.845872867420493,0.966242832782415,1
"328",0,0.761114825444173,1,1
"333",0,0.274693679313762,0.944893012120451,1
"359",0,0.045355888416238,0.651476293960126,1
"368",0,0.0447451708381859,0.652370852351056,1
"375",0,0.836178029887604,1,1
"378",0,0.107790316735703,0.426989327309584,1
"385",0,-1.12586556695926,0.978176887301416,1
"400",0,0.779535328154103,1,1
"402",0,-0.0918367458686464,1,1
"418",0,0.457521415423869,1,1
"419",0,-0.624768827366308,0.826436375739435,1
"422",0,-0.067031451929834,0.948403649868083,1
"423",0,0.168321681315214,0.936579093014921,1
"434",0,0.57925547703391,1.00496228071676,1
"436",0,0.601744686140597,1,1
"467",0,0.808973729866707,1,1
"494",0,0.382548288689236,0.992939633838476,1
"546",0,0.522353549641333,1,1
"562",0,0.442459915324242,1,1
"563",0,0.14401897129923,0.949547163511833,1
"565",0,0.487353525080748,0.967583906185237,1
"566",0,0.0988645771559224,0.970100486366568,1
"567",0,0.560641014750089,0.99177976735075,1
"569",0,0.586524645466911,0.947369691931277,1
"597",0,0.326462332610454,1.07337958435876,1
"599",0,-0.876076544461307,1,1
"611",0,-0.0424020547269686,1,1
"615",0,0.43975697429239,1,1
"617",0,0.346319828742655,1.12580276876503,1
"681",0,0.418856175266479,0.854176873881548,1
"684",0,0.802059546145789,0.92542090932234,1
"685",0,0.734515445827813,0.980620141257926,1
"686",0,0.849145436035435,1,1
"722",0,0.681989069027372,0.651476293960126,1
"734",0,0.809119873540571,1,1
"757",0,0.456956390082633,0.976215907448817,1
"762",0,0.151529709065244,0.878509613119513,1
"770",0,0.410746017137197,0.738899341152234,1
"807",0,-0.432539144864694,1,1
"845",0,0.897080102149868,1,1
"846",0,-0.153967133750161,1,1
"847",0,-0.221535442366055,1.14195613794513,1
"848",0,0.503001996570482,0.979069839127303,1
"849",0,0.967858484722981,0.957886632766951,1
"850",0,0.906984500459217,0.985352590783809,1
"851",0,0.933337846330534,1,1
"852",0,0.929375816848618,1,1
"855",0,0.317650227428566,0.702011907838109,1
"878",0,0.442470072274343,0.978197799825762,1
"882",0,0.367878790604776,0.884870523808354,1
"883",0,0.590385022851121,1,1
"941",0,0.402913604735669,0.869225197725097,1
"945",0,-0.273722968540332,-0.560655864031205,1
"951",0,1,0.738544081340733,1
"952",0,0.761134553306177,0.934601039035808,1
"955",0,0.0832691706308268,0.965371300356394,1
"977",0,-0.27296014339102,0.305076040078068,1
"984",0,-0.30171512808524,0.890594622265764,1
"986",0,-0.0461284878984636,1.07888441308854,1
"987",0,-0.283747246522046,0.919031612822211,1
"1032",0,0.363672695144687,1,1
"1069",0,-0.234462526199091,1,1
"1070",0,0.609059310314512,1,1
"1071",0,0.156751332659111,1.00837505415583,1
"1072",0,-0.149208863239059,0.975253640890431,1
"1073",0,0.296521288448171,1.09067190605266,1
"1082",0,1,1,1
"1099",0,-0.293382856857882,0.202828571467845,1
"1155",0,0.672420445494185,0.738448290175497,1
"1226",0,1,1,1
"1231",0,0.395329327871143,1,1
"1234",0,0.0500269520481141,0.829305277230659,1
"1237",0,0.485489348993537,0.759517028459091,1
"1271",0,0.71997960509138,0.829305277230659,1
"1289",0,0.325714682756004,1.04317097568525,1
"1319",0,0.809119873540571,1,1
"1330",0,0.266539798273543,0.346556635961597,1
"1332",0,0.0450492808978284,0.738544081340733,1
"1333",0,0.810461441962891,0.964193334688114,1
"1351",0,0.426992688001211,1,1
"1417",0,0.0553122268566953,0.893872698126585,1
"1429",0,0.547936495489476,0.985857743428556,1
"1438",0,0.623192071536958,1,1
"1440",0,0.615361496661801,0.782069363489208,1
"1453",0,-0.0411822582074491,0.763948670474539,1
"1465",0,1,1,1
"1472",0,0.518491889632651,1.14168525806238,1
"1541",0,-0.157530887667619,0.68091097688642,1
"1576",0,0.758537813237206,0.988983834714786,1
"1578",0,0.129493277512858,1.0499337765146,1
"1579",0,0.10596308144565,0.8719850390979,1
"1617",0,-0.100207002343065,0.62131714544507,1
"1677",0,0.752599669459545,1.05706891647212,1
"1789",0,-0.242171236820518,1,1
"1791",0,0.410746017137197,0.660431243110718,1
"1804",0,0.761234096755946,0.609268369109477,1
"1822",0,0.743590756787371,1,1
"1830",0,-0.273722968540332,1,1
"1861",0,0.399002639935176,0.985643751512847,1
"1900",0,0.120118170462315,0.748883016941719,1
"1987",0,-0.387497911554651,1.00278775045938,1
"1989",0,-0.584331847441125,0.875068598853363,1
"2021",0,0.283473771099121,1,1
"2038",0,0.411977978604649,0.839514871643769,1
"2039",0,-0.260683623643602,1.14168525806238,1
"2057",0,0.0450492808978284,0.478681136487923,1
"2079",0,0.118986750325156,0.918618754321461,1
"2130",0,0.665542736493254,1,1
"2175",0,-0.973107143754204,0.865366186555435,1
"2182",0,0.853047131649121,1,1
"2192",0,0.692560577825532,1.01635614107055,1
"2193",0,0.554077879653293,1,1
"2196",0,0.852995956977852,0.919748758645851,1
"2197",0,0.688295980204203,0.964345829820508,1
"2198",0,0.576292794249519,0.989210965616932,1
"2200",0,0.862485109453052,0.967805933188326,1
"2201",0,0.735880411555283,1.00748329317939,1
"2219",0,0.601811306313701,1,1
"2249",0,0.47873224314471,1,1
"2265",0,0.676837983787331,1.09563838995468,1
"2275",0,0.54382209213738,1,1
"2292",0,0.37976372927339,0.993051259766699,1
"2317",0,-0.157381970854287,0.97258450385991,1
"2324",0,0.100573964521588,1,1
"2325",0,0.0205038359950609,1.0151585870742,1
"2326",0,0.000242359663854537,0.976015062750169,1
"2329",0,0.152213945794753,0.98786952869034,1
"2330",0,0.0965694851017786,1,1
"2333",0,0.522121839546905,0.977249935632588,1
"2334",0,0.974871819937132,1,1
"2379",0,0.761114825444173,1,1
"2380",0,0.681989069027372,1,1
"2399",0,0.808973729866707,0.791382939130156,1
"2405",0,-0.273722968540332,0.652370852351056,1
"2459",0,0.363672695144687,0.651476293960126,1
"2470",0,0.344507469097012,0.987487282447114,1
"2491",0,0.180810944551982,0.925480416715563,1
"2495",0,0.601811306313701,0.913061936153244,1
"2496",0,0.520339337513205,0.85730373652715,1
"2498",0,0.522353549641333,1,1
"2549",0,0.232641029349313,0.989151734989104,1
"2553",0,-0.732124763171943,0.934601039035808,1
"2579",0,1,0.738544081340733,1
"2596",0,0.199436712363184,1.01420370628141,1
"2599",0,0.045355888416238,-0.0413262623689918,1
"2619",0,-0.524915009136288,-0.0491446724176612,1
"2648",0,0.864279430571697,0.706771085907312,1
"2683",0,0.304962400745244,0.921312581626727,1
"2712",0,0.362751952608732,1.00774988889338,1
"2713",0,0.474135890066544,0.947025823401398,1
"2714",0,0.630715027760308,1,1
"2718",0,0.245537026245802,0.944925662801466,1
"2719",0,0.522094205092743,0.980678680193267,1
"2720",0,0.494572593433132,1.01949316368355,1
"2721",0,0.681467143952198,1,1
"2817",0,0.796658001701561,1,1
"2834",0,0.641673548278797,0.804599645867802,1
"2835",0,0.590494351375651,0.925260209509074,1
"2838",0,-0.149946255100528,1,1
"2861",0,-0.787316331446726,1.17071209111022,1
"2886",0,0.363213710910456,1,1
"2908",0,0.256723647297628,0.884087100540945,1
"2909",0,-3.20319553791927,1,1
"2917",0,0.043348569888675,0.898121128306625,1
"2918",0,0.121085336466368,0.787766163212644,1
"2932",0,0.235929430459719,0.790805149749,1
"2949",0,-0.27296014339102,0.305076040078068,1
"2951",0,-0.193745043212691,0.738544081340733,1
"2997",0,-0.365167594145919,1,1
"2998",0,0.163830432600197,1,1
"3063",0,0.338642903536237,0.817366953199592,1
"3091",0,0.522184738876265,0.58365315938168,1
"3116",0,1,0.218816654840239,1
"3124",0,0.411259167481202,0.987023895805481,1
"3138",0,0.0443449084761019,0.941866454997701,1
"3139",0,-0.657042101738368,0.447655636324753,1
"3147",0,0.0886852782464841,0.878905686647188,1
"3199",0,0.2662331023685,0.921620770531898,1
"3203",0,0.0441829015421248,1,1
"3222",0,0.33531465376876,0.997447106246074,1
"3225",0,0.191362870337734,0.897017378760363,1
"3248",0,0.485489348993537,1,1
"3259",0,0.212109061507715,1,1
"3283",0,0.46590012536867,0.850821835329587,1
"3284",0,0.419102554173883,0.840690097555719,1
"3314",0,0.681989069027372,-0.387734810719049,1
"3318",0,0.363672695144687,1,1
"3319",0,0.363672695144687,1,1
"3321",0,-0.479868131014515,1,1
"3322",0,-0.528321590278929,1,1
"3324",0,0.674327436501156,-0.216063830739868,1
"3329",0,0.363672695144687,1,1
"3359",0,0.448639755345494,1,1
"3361",0,0.522639243254555,1,1
"3363",0,0.363672695144687,1,1
"3364",0,0.269226130896671,1,1
"3381",0,0.587002367011533,0.98707987167545,1
"3387",0,0.48289449115789,0.907407222331583,1
"3413",0,-0.567071182480805,0.746795972643684,1
"3417",0,0.579867568672114,1,1
"3418",0,-0.236730314165563,1,1
"3419",0,0.143834310238436,0.997252207310181,1
"3420",0,0.0939815233497421,1.10110553819375,1
"3424",0,0.67204385459296,0.96160408176314,1
"3425",0,-0.791388496992829,0.979658636517075,1
"3432",0,0.960215424686219,1,1
"3446",0,0.363672695144687,0.651476293960126,1
"3468",0,-0.364827831468239,1,1
"3473",0,0.52216614697925,1,1
"3476",0,0.305153346007544,1.03926417559216,1
"3479",0,-0.0240387790602646,1,1
"3495",0,0.249186340691476,1,1
"3509",0,0.434228690533708,0.813588763675371,1
"3535",0,-0.254465259290763,1,1
"3571",0,0.0507269395450043,0.0386305626158844,1
"3574",0,0.138449334878125,0.873878411203722,1
"3600",0,0.568391982184155,1,1
"3601",0,0.934116718511268,1,1
"3602",0,0.93050323833876,1,1
"3603",0,1.06582074465114,1.19345788789202,1
"3610",0,0.252772410551703,0.954001527219567,1
"3636",0,0.216926285187362,0.724141291785988,1
"3638",0,0.410463011860345,0.862955076001436,1
"3671",0,0.0847862502144826,0.964037662433513,1
"3677",0,0.0603016139236723,0.648001182477036,1
"3689",0,-0.243858139393807,1,1
"3691",0,-0.716227252698832,1.05291265453432,1
"3692",0,-1.20828798366864,0.905611548652858,1
"3707",0,0.214175992767788,0.820316680161688,1
"3711",0,1,1,1
"3723",0,0.847962358427681,0.905297652347171,1
"3724",0,0.38644770555009,0.71723533725229,1
"3737",0,0.826335287629663,1,1
"3771",0,0.0450492808978284,1,1
"3803",0,0.33537312617435,1.00462445314779,1
"3804",0,0.507544220399718,1.00871903786096,1
"3809",0,0.20821116693709,0.791245142690902,1
"3816",0,0.0445942931129221,1,1
"3835",0,0.0707641574369153,0.943660052108459,1
"3849",0,0.653906747831164,0.664722168260234,1
"3850",0,-0.359330936731468,0.95363050950745,1
"3855",0,-1.00585290216713,0.870468299245537,1
"3856",0,-0.251840597254779,0.997605628235191,1
"3858",0,-0.167102749174017,0.934237450850105,1
"3871",0,0.465890754536856,1.06666442365806,1
"3883",0,0.171807893489443,0.722240681778313,1
"3884",0,0.101873385420547,0.86301990099058,1
"3886",0,0.436525016931532,1.03455060919388,1
"3887",0,-0.387779617648216,0.982976310579141,1
"3888",0,0.0442698019282362,0.928049809405536,1
"3889",0,0.535050703431314,0.906127104778125,1
"3896",0,-0.0649355805544469,0.927875531162976,1
"3899",0,0.0998610924363243,0.949444152316784,1
"3931",0,0.343133957794565,1.01889882371305,1
"3933",0,0.351433769809854,1,1
"3937",0,-0.177616768982096,0.454800872093727,1
"3981",0,0.183894994303559,1.04906304660141,1
"4027",0,-0.12379032094369,0.703773900572353,1
"4105",0,0.283843971410552,1,1
"4106",0,0.727138549682969,1,1
"4142",0,0.222483239536285,0.741294119919933,1
"4151",0,-0.464179117203133,0.894530798785666,1
"4152",0,-0.81275556987502,0.98797088645442,1
"4153",0,0.265771854319473,1.00362087577165,1
"4170",0,0.728506280188641,0.604282679801534,1
"4172",0,0.174553682046876,0.941587286073661,1
"4176",0,0.501485270183178,0.904139619580378,1
"4177",0,0.180738900130567,1,1
"4221",0,0.115075467492903,0.922720718447247,1
"4264",0,-0.274932251362564,0.603514590453582,1
"4312",0,0.244187280762219,0.98958469760413,1
"4315",0,0.706023703618703,1,1
"4316",0,0.854213878122047,1,1
"4389",0,0.713414617683234,0.687392525239159,1
"4413",0,0.168337283496302,0.866938535299263,1
"4414",0,0.141366031767922,0.818478042466449,1
"4422",0,0.106975771449176,0.64278513303498,1
"4433",0,0.638377180077812,1,1
"4454",0,-0.542360854828336,0.860169971726927,1
"4487",0,0.730131428746456,1,1
"4490",0,0.713414617683234,1,1
"4521",0,0.285447722913934,0.0768420314517397,1
"4522",0,0.283473771099121,1,1
"4553",0,0.761434190385819,1,1
"4571",0,0.213957491914841,0.686083449206032,1
"4590",0,0.273999229973889,1.03457754618089,1
"4601",0,0.426992688001211,1,1
"4607",0,0.522297005204748,0.791382939130156,1
"4627",0,0.614228563568818,0.87983771825843,1
"4672",0,1,1,1
"4674",0,1,0.790805149749,1
"4684",0,0.312484396517289,0.734225746243352,1
"4691",0,-0.114994856264313,1,1
"4698",0,-0.338091085808049,0.838057553099663,1
"4726",0,1.1068465262862,0.850291194481016,1
"4822",0,0.423604121684349,0.863949185123544,1
"4877",0,0.00271961040777742,0.903878299277727,1
"4903",0,-0.0307810788223428,0.91343117256396,1
"4907",0,-0.166078732730004,0.974299117202076,1
"4910",0,0.0448664660821928,0.790805149749,1
"4925",0,-0.297067702951305,0.962626355059399,1
"4953",0,0.264955293588243,0.439516067546643,1
"4963",0,-0.410944015664248,0.933857412126468,1
"4964",0,-0.493590929126373,0.980504189496781,1
"4992",0,0.840918035277585,1,1
"5004",0,0.0536630990298934,0.665628430322392,1
"5009",0,0.045355888416238,1,1
"5010",0,0.045355888416238,0.305076040078068,1
"5034",0,0.605776509449219,0.98075848489902,1
"5041",0,0.283843971410552,1,1
"5062",0,0.518641919663013,0.717596773435441,1
"5069",0,0.163657698524695,0.972081475773825,1
"5071",0,0.486682409828778,0.995684716360162,1
"5072",0,0.307879348766604,0.910221673709443,1
"5099",0,0.474856662301577,1.02237852099348,1
"5101",0,-0.337258993286848,0.582884862026951,1
"5111",0,0.42658781760589,1,1
"5131",0,0.239280644960316,0.914960606375493,1
"5135",0,-0.0956854248458074,0.974552616299403,1
"5138",0,-0.113022679744012,0.994010202130538,1
"5153",0,0.856687105113854,1,1
"5157",0,0.415085586391646,0.924851136859406,1
"5158",0,0.861819733154362,1,1
"5160",0,0.898338557366685,0.977733950790375,1
"5199",0,0.768868843760074,0.97750582147931,1
"5201",0,0.524099613752925,1,1
"5204",0,0.78927241037676,1,1
"5206",0,0.796658001701561,1,1
"5208",0,0.479509309831703,1,1
"5210",0,0.20821116693709,1.12734492641288,1
"5218",0,0.823041585959225,1,1
"5270",0,0.674327436501156,1.14168525806238,1
"5335",0,0.044658848699885,1,1
"5349",0,0.708552610559243,1.08575930019749,1
"5416",0,-0.0746117069950204,1.01084515556719,1
"5417",0,0.7988059792979,1,1
"5418",0,-0.407844945384405,0.993794542571674,1
"5419",0,0.877462638386651,1,1
"5421",0,-0.303066276476727,0.974907635692338,1
"5431",0,-0.0345255329919257,0.926500934084112,1
"5495",0,-0.230822672803746,0.94834946335938,1
"5496",0,-0.347695403373632,0.932484885430047,1
"5508",0,0.704547772868285,0.815253970021031,1
"5509",0,0.813526489410315,1,1
"5515",0,0.54344594836754,0.451465208011589,1
"5563",0,1,0.305076040078068,1
"5571",0,0.880595942687695,1,1
"5572",0,0.816994100504623,1,1
"5589",0,0.618056410674687,1,1
"5605",0,0.895125672658559,1.03103710000347,1
"5616",0,-0.501872828736164,1,1
"5618",0,0.223928330681882,0.864991372614631,1
"5628",0,0.521389205995302,0.735502868742856,1
"5638",0,-0.27296014339102,1,1
"5639",0,0.362670217835428,0.80246636710395,1
"5663",0,-0.0358655128714721,0.618196331299099,1
"5664",0,-0.0189516604763754,0.468816206673569,1
"5670",0,0.0347948607472106,0.952059325251675,1
"5679",0,0.761134553306177,1,1
"5680",0,0.921669623956186,1,1
"5681",0,0.840918035277585,0.47908637219465,1
"5687",0,0.0638364100076245,0.925414078915286,1
"5767",0,0.426992688001211,1,1
"5771",0,-0.228332302447368,1,1
"5808",0,-0.351888503451645,0.953173977196492,1
"5818",0,-0.300953492025353,0.995433821385283,1
"5850",0,0.429811217326958,0.973574579011554,1
"5853",0,0.320344307242321,0.930516472294342,1
"5854",0,-0.0616285727253645,1,1
"5855",0,0.597641631666219,1,1
"5856",0,0.139528479614916,1.00873752158103,1
"5859",0,0.826522718375224,0.996275601379577,1
"5897",0,1,0.790805149749,1
"5917",0,0.126674000710481,0.836116196473233,1
"5948",0,0.573572374636169,1.04792519472093,1
"5960",0,-1.2279059915494,-1.08056131647858,1
"5972",0,0.766767277989283,0.92843272693242,1
"6017",0,0.0448664660821928,1,1
"6018",0,1,1,1
"6027",0,0.424780412451768,0.763948670474539,1
"6068",0,-0.0839633598694741,0.683491930429105,1
"6119",0,0.184421488638417,0.727200123825891,1
"6121",0,-0.409641011777766,0.959576172877187,1
"6127",0,0.761434190385819,1,1
"6169",0,0.590494351375651,1,1
"6180",0,0.363672695144687,1,1
"6192",0,0.045355888416238,0.651476293960126,1
"6231",0,0.906434291255473,0.984057138140532,1
"6241",0,-0.153660097659911,0.96319335433777,1
"6263",0,-0.105244666733843,0.972202244683254,1
"6265",0,1,1,1
"6270",0,0.462482294697288,1,1
"6293",0,0.123955706403197,0.9409485392015,1
"6307",0,0.23551953608177,0.791575400106825,1
"6313",0,-0.581968852813405,0.933208891693075,1
"6325",0,0.0450492808978284,0.738544081340733,1
"6326",0,0.578974910652157,0.94131574320252,1
"6329",0,-0.0918367458686464,1,1
"6340",0,-0.0153606323001846,0.739597585065041,1
"6341",0,0.126172473966941,0.821510645132052,1
"6344",0,-0.327317830916005,0.941866454997701,1
"6347",0,0.163763053311897,1,1
"6359",0,-0.337258993286848,1,1
"6361",0,0.630023397706429,0.983120655630723,1
"6363",0,0.0443344703470785,0.835447768075673,1
"6364",0,-0.774876617914157,0.851117313886616,1
"6365",0,-0.138715355322533,0.960888279306101,1
"6366",0,0.184105278530978,0.898368684508691,1
"6375",0,0.169681570329051,0.454800872093727,1
"6376",0,0.761434190385819,0.738544081340733,1
"6378",0,0.522297005204748,1,1
"6390",0,0.329969746956675,0.956712228397223,1
"6412",0,0.472123049148807,0.822148662067503,1
"6414",0,0.00917592240527557,0.953405285044378,1
"6442",0,-0.254282024763452,1,1
"6486",0,0.297798900466534,0.978642717328652,1
"6501",0,0.572931630032723,0.985200601864179,1
"6502",0,0.406513354300299,1,1
"6516",0,-0.832851377099619,0.787082478084588,1
"6520",0,0.624555502025964,1,1
"6532",0,0.124080147099271,1,1
"6533",0,-0.313724686628459,1,1
"6541",0,0.203979366703722,1,1
"6617",0,0.606530621769009,0.938447400189045,1
"6649",0,0.280435084085223,0.816215745934057,1
"6651",0,0.262892119793349,0.712403137934926,1
"6687",0,0.602536440116952,1,1
"6688",0,0.711610727702291,1,1
"6729",0,-0.91065878044179,0.825654307732168,1
"6730",0,-0.219388288367941,0.963914977001117,1
"6734",0,0.116147174585143,0.99345819016913,1
"6748",0,-0.351346372580284,0.808615055759398,1
"6751",0,0.426992688001211,0.790805149749,1
"6752",0,0.681989069027372,1,1
"6778",0,-0.217953644735009,-0.191417900723589,1
"6809",0,0.536622247751536,0.968288548229229,1
"6810",0,0.507844573710149,0.935734407195845,1
"6811",0,0.753379170551336,1,1
"6812",0,0.68966959360874,0.993204237267146,1
"6816",0,0.893207301798825,1.00179508811034,1
"6817",0,0.919831354932944,0.972689316841413,1
"6822",0,0.480874255485796,1.00980846165544,1
"6823",0,0.948712023522927,1.00657714531676,1
"6849",0,0.57162849887977,0.968067802946383,1
"6850",0,0.557311593637045,1,1
"6852",0,0.432539576400596,1,1
"6854",0,0.401157944245016,0.97346912378949,1
"6856",0,0.332058658755328,0.728953568152721,1
"6863",0,0.199334072913084,0.787145203996476,1
"6874",0,-0.896457362520591,0.703773900572353,1
"6905",0,0.294214654257543,0.359153462789485,1
"6910",0,-0.984736682425097,0.519516998715105,1
"6965",0,0.363672695144687,1,1
"6993",0,0.138470521205238,1.01770756450573,1
"7000",0,0.0443449084761019,0.826307404384775,1
"7023",0,0.0391457475486548,0.956687135101343,1
"7034",0,0.563616749259753,0.916208255255686,1
"7051",0,-0.292980909466829,0.998666726275229,1
"7059",0,-0.454815111984092,1.01407822338547,1
"7062",0,0.734576170443039,1,1
"7068",0,1,1,1
"7069",0,0.0302444381100296,1.03374964585543,1
"7121",0,-0.0131870771346276,0.9534533846647,1
"7143",0,-0.146196320302896,1,1
"7166",0,-0.27296014339102,1,1
"7169",0,0.617855738132093,1,1
"7180",0,0.762560431424067,0.851718722937727,1
"7206",0,0.114992664259146,1,1
"7207",0,0.176948834219689,1,1
"7232",0,0.362788897581704,0.93434523643464,1
"7238",0,0.667277609795422,0.83179565503015,1
"7240",0,0.851941576244023,1.00991301179064,1
"7241",0,0.357294593861277,1,1
"7263",0,0.641793677813743,0.349304721853751,1
"7265",0,0.698197228344413,1,1
"7295",0,0.045355888416238,1,1
"7331",0,0.08775120338597,0.905159483280117,1
"7368",0,-0.0616285727253645,1,1
"7371",0,0.528916909770819,1,1
"7388",0,0.928338534082042,1,1
"7392",0,0.0195353435123875,0.883170076052399,1
"7396",0,0.298705388039278,1.02648614877202,1
"7442",0,0.761434190385819,-1.34042325527843,1
"7460",0,-0.637818832531215,-0.189249908601397,1
"7477",0,0.394712410656702,0.930447925287222,1
"7483",0,0.808973729866707,1,1
"7485",0,0.958485871416237,1,1
"7486",0,0.681481378304248,1,1
"7487",0,1.07162364944574,1.07162364944574,1
"7500",0,0.590642150924848,1,1
"7511",0,-0.485934158533104,0.391858449826931,1
"7514",0,0.402913604735669,0.869225197725097,1
"7524",0,0.681581823708808,1,1
"7553",0,-0.498226703339611,1,1
"7557",0,0.261678097143749,0.972408999012182,1
"7568",0,-0.591275686779983,1,1
"7579",0,0.385259661802524,0.251453151740435,1
"7592",0,0.18480679208413,1,1
"7600",0,0.304919970629833,1,1
"7602",0,-0.114827285894836,1,1
"7603",0,0.117932654100065,0.839514871643769,1
"7604",0,0.120955487792622,0.88227533659154,1
"7605",0,0.0442657133232093,1,1
"7607",0,0.681581823708808,0.65266929805122,1
"7620",0,0.358029408629308,0.984427515046869,1
"7622",0,0.0555561673786004,0.966556394557356,1
"7623",0,0.202298109425504,0.986626476941604,1
"7626",0,0.783642530736438,0.60325848908408,1
"7631",0,0.840017155240397,0.901276253244488,1
"7638",0,-0.0812541876927594,0.998052272107346,1
"7650",0,0.0442037113833618,1,1
"7651",0,-0.81582204463446,1,1
"7653",0,-0.543668995918985,1,1
"7657",0,0.333189845015463,1,1
"7674",0,0.344075873489335,0.979480211970312,1
"7707",0,-0.0553408835243228,0.978197799825762,1
"7708",0,0.0863132441251626,0.96996837613135,1
"7711",0,0.393186972873535,0.964966075861419,1
"7725",0,0.927024683804471,1.07569126558228,1
"7726",0,0.649582799276803,0.965117698856746,1
"7728",0,0.761167593004033,1,1
"7752",0,0.0488500391377442,0.693238617998308,1
"7776",0,0.193786354725985,1,1
"7788",0,-0.0444249488335798,0.942704497899186,1
"7795",0,0.294886202136491,1,1
"7813",0,-0.170604797437264,0.929737492768611,1
"7864",0,0.317650227428566,1,1
"7875",0,0.853047131649121,1,1
"7881",0,-0.395779265952548,0.683442569093175,1
"7891",0,0.0952008197450352,0.995004994994523,1
"7913",0,0.16072308890034,0.81401402702551,1
"7916",0,-0.110615390533942,1.02161116448185,1
"7941",0,0.391321274991181,0.236619680601878,1
"7946",0,0.713414617683234,1,1
"7963",0,0.0134307107041739,0.932691338029365,1
"7964",0,0.00910371823177064,0.894967575647193,1
"7993",0,0.343021530111712,0.869600534653972,1
"7996",0,0.567419509544118,1.02791386571239,1
"7998",0,0.703415184703387,1,1
"8001",0,0.924567155416748,1,1
"8002",0,0.761134553306177,1,1
"8003",0,0.283843971410552,1,1
"8007",0,0.0488202529883021,0.739140955443678,1
"8008",0,0.681989069027372,1,1
"8009",0,1,1,1
"8014",0,0.68142465078527,1,1
"8025",0,-0.288343237470638,0.32286927426553,1
"8026",0,-0.0174004676993219,1,1
"8028",0,0.206821419292752,0.971061170990801,1
"8033",0,0.970444551012863,0.965538946788544,1
"8038",0,0.840918035277585,1,1
"8044",0,0.181602691929807,0.926557113439285,1
"8101",0,0.306878048017348,0.97245934262348,1
"8136",0,-4.01781241612299,1,1
"8137",0,-0.146196320302896,1,1
"8163",0,0.89392857563121,1,1
"8165",0,-0.0929176259924879,0.739544461160514,1
"8186",0,-0.171108685554193,0.906163718505814,1
"8196",0,0.170997456255031,0.838456529667757,1
"8212",0,0.667427284362074,1.00497675196708,1
"8215",0,0.522639243254555,1,1
"8229",0,0.0482117437525117,0.95583341456999,1
"8230",0,-0.591275686779983,0.305076040078068,1
"8257",0,-0.554212598927331,1.01819812903515,1
"8271",0,0.283843971410552,1,1
"8323",0,0.0387884572406668,0.849840567873428,1
"8336",0,0.563647002050541,1.02546374941633,1
"8355",0,-0.235719141308926,1,1
"8356",0,-0.773439355403913,0.987391189610849,1
"8357",0,-0.572588201916323,0.959328136194574,1
"8359",0,-0.906518483953588,0.983506899072771,1
"8439",0,-0.353734675409984,1,1
"8553",0,-0.20938776941159,1.08577364800026,1
"8554",0,0.885806226960171,1.04367051001972,1
"8555",0,0.447027281899011,0.888046370958355,1
"8556",0,0.355417533551955,1,1
"8557",0,0.856654344852674,1,1
"8561",0,0.522232708546856,1,1
"8565",0,0.800924366932735,1,1
"8566",0,0.50732478339554,1.04952374868968,1
"8570",0,0.681581823708808,1,1
"8582",0,0.850453665332543,1,1
"8585",0,-0.193587303459949,0.893257917516152,1
"8590",0,0.947323358803386,1,1
"8593",0,0.842891652516313,1,1
"8594",0,0.9646166585856,0.980620141257926,1
"8596",0,0.92357657459926,1,1
"8604",0,0.522639243254555,1,1
"8609",0,0.681989069027372,0.305076040078068,1
"8613",0,-0.391997155710941,1.05257152865521,1
"8619",0,1,1,1
"8637",0,-0.153660097659911,0.176569794083845,1
"8639",0,-0.672043534527621,0.739247167753672,1
"8656",0,0.827532676185038,0.984413963117462,1
"8659",0,-0.121913221890607,1,1
"8662",0,0.390620591431784,0.772900729819755,1
"8663",0,0.899446425167341,1,1
"8708",0,1,0.651476293960126,1
"8729",0,0.150534273608092,0.941866454997701,1
"8731",0,1,1,1
"8801",0,0.283351812974408,1,1
"8832",0,0.575214881961142,1,1
"8841",0,0.459172177280663,0.581371129007258,1
"8842",0,-0.0153606323001846,1,1
"8845",0,0.175757859035861,0.646505260691196,1
"8847",0,0.0448664660821928,1,1
"8848",0,0.827774409790794,0.959689502088345,1
"8849",0,0.761434190385819,1,1
"8893",0,0.590642150924848,1,1
"9015",0,0.324869013169584,0.998592734040239,1
"9034",0,0.857282707043097,1.02091406767183,1
"9037",0,0.931803576219291,1,1
"9038",0,0.961786149327852,1,1
"9040",0,0.826239785025531,1,1
"9041",0,0.606433035219326,0.969344440331374,1
"9042",0,0.898911418879342,1,1
"9063",0,0.635956352841936,1,1
"9144",0,0.363672695144687,1,1
"9150",0,0.339012638874469,0.873556763903429,1
"9151",0,0.363672695144687,1,1
"9162",0,0.184017301258246,0.246040042024376,1
"9200",0,-0.337258993286848,1,1
"9201",0,-0.193501214437471,1,1
"9203",0,-0.113802771532171,0.846891449233504,1
"9204",0,0.681501360023001,1,1
"9206",0,0.467268496893437,1,1
"9207",0,0.808839957131403,1,1
"9209",0,0.522096764164582,1,1
"9235",0,0.22549959977013,1.0430270306096,1
"9236",0,0.575408634032749,1,1
"9237",0,0.258040245272035,0.980566165057368,1
"9238",0,-0.303247249503159,1.1068465262862,1
"9258",0,-1.54622092286528,-2.11981075362293,1
"9267",0,1,1,1
"9286",0,0.0450492808978284,0.218816654840239,1
"9288",0,0.823041585959225,1,1
"9303",0,-0.177616768982096,0.328814884711855,1
"9315",0,0.608715174715987,0.663176516909884,1
"9337",0,0.797025312442082,1,1
"9339",0,0.426500286957231,0.970249797672765,1
"9360",0,0.681989069027372,1,1
"9365",0,0.68168327562421,0.825654307732168,1
"9417",0,0.581992529841216,0.94914683522747,1
"9423",0,0.476142029114947,0.821307549490533,1
"9425",0,0.0258348252872708,0.959872221078736,1
"9431",0,0.0587509135825671,0.809029270034444,1
"9455",0,0.292284528853494,0.99345819016913,1
"9458",0,0.504036862363355,0.696320971685413,1
"9499",0,0.121145305166237,0.971055301923354,1
"9500",0,0.045355888416238,1,1
"9501",0,0.380848496028799,1.19997244011479,1
"9503",0,0.547265325769857,1,1
"9504",0,-0.286262280427545,0.956054108050517,1
"9505",0,0.0780426562311959,1.01776287839632,1
"9510",0,-0.0224245894486291,0.971903807986239,1
"9511",0,-0.0952369108495669,0.969948384283746,1
"9512",0,0.0443565808638504,0.816091882447436,1
"9513",0,0.283473771099121,1,1
"9514",0,0.317327756636866,1,1
"9524",0,0.210516889271529,1,1
"9528",0,0.917740619247859,0.999657755333231,1
"9529",0,-0.183230464893964,1.14245582551635,1
"9530",0,0.486863936917234,1.07634224719194,1
"9541",0,0.33435782525527,0.997754300367819,1
"9547",0,-0.146955097780401,0.947886545906077,1
"9581",0,-0.311483422977448,1,1
"9583",0,-0.102006873750386,0.984960808643637,1
"9584",0,-0.333688682169618,0.972087095567318,1
"9586",0,-0.494986694621955,1,1
"9590",0,0.142853919532523,0.923870839640848,1
"9600",0,0.402913604735669,1,1
"9606",0,0.0447451708381859,1,1
"9608",0,0.169681570329051,1.0847159856285,1
"9614",0,0.647942324442088,1,1
"9615",0,-0.0351914811310517,1,1
"9636",0,0.554077879653293,1,1
"9753",0,0.684766721020602,0.819141479405821,1
"9768",0,0.117932654100065,0.919512241734647,1
"9774",0,0.650106253938379,1,1
"9775",0,0.414195418638498,1,1
"9805",0,0.0450492808978284,0.218816654840239,1
"9807",0,0.235364287928568,1,1
"9809",0,0.456315056114498,0.995199298090854,1
"9852",0,0.211498631865905,1,1
"9871",0,0.104943990473209,0.735502868742856,1
"9885",0,-0.365167594145919,0.925260209509074,1
"9902",0,0.550829835752659,0.985945937216917,1
"9903",0,0.251879507992675,0.920494576258899,1
"9906",0,-0.146196320302896,-0.24881810188534,1
"9911",0,0.375811033310716,0.853527987923753,1
"9924",0,0.0158280564248013,0.979236029094283,1
"9932",0,0.759915996528694,0.974701861070591,1
"10053",0,0.452077545259077,1.04906304660141,1
"10101",0,0.118729050215283,0.456014953198867,1
"10107",0,0.253114636063054,0.851168045675252,1
"10127",0,-0.135996969679614,1.0149493724428,1
"10128",0,-0.205488476178461,0.995532063589022,1
"10135",0,0.717367641014431,0.85730373652715,1
"10192",0,-0.153660097659911,0.288946143660577,1
"10195",0,0.681989069027372,1,1
"10220",0,0.121739012959629,1,1
"10221",0,-0.194463086004982,1,1
"10278",0,0.738183059356224,1.01527854970823,1
"10324",0,-0.909590933629218,0.651476293960126,1
"10327",0,0.641602340299446,1,1
"10328",0,0.797287437908892,1,1
"10333",0,0.768072890946491,0.952780065113463,1
"10338",0,0.752244872355023,1,1
"10360",0,0.317650227428566,1,1
"10457",0,0.0761488993401096,0.955645261353679,1
"10473",0,-0.245944324414941,0.925590000641044,1
"10478",0,0.658209755632182,1.0409621969814,1
"10479",0,0.943877057001597,0.793357416295934,1
"10480",0,0.131501166452841,0.840024672466462,1
"10504",0,-0.591275686779983,-0.73414699083585,1
"10512",0,-0.633991355791781,0.881407427666451,1
"10526",0,-0.0118608009118696,1,1
"10541",0,-0.284811955454186,0.97619386272739,1
"10550",0,-0.552603927911506,1,1
"10555",0,1,1,1
"10558",0,0.522639243254555,0.218816654840239,1
"10565",0,0.144820771169479,0.981640083875885,1
"10574",0,0.494049734724301,0.854148354400623,1
"10596",0,0.65250168085347,1,1
"10609",0,0.371090865612987,0.956527596792687,1
"10611",0,0.102666267598567,0.895752227135617,1
"10670",0,0.379877545110747,0.951269483222547,1
"10672",0,0.739386463391843,1,1
"10678",0,-0.320992797302073,0.493780530305531,1
"10703",0,0.618056410674687,1,1
"10729",0,0.0277649806720521,0.943760715188435,1
"10763",0,0.701404022970291,1,1
"10764",0,-0.313724686628459,1,1
"10765",0,0.344049312970705,0.969344440331374,1
"10774",0,0.467048795865184,0.993088621214189,1
"10789",0,0.761434190385819,1,1
"10801",0,0.32875107083075,0.870662663395087,1
"10802",0,-0.31728619652967,0.688272775064744,1
"10826",0,-0.552506488769006,0.853150911009514,1
"10833",0,-0.0107777234058419,1.04710050537877,1
"10837",0,1,1,1
"10917",0,0.590642150924848,0.850550678598446,1
"10926",0,0.856928603386446,0.987064214343698,1
"10929",0,1.11506117910982,1.00224793383372,1
"10930",0,0.838912493637154,1.1960474507753,1
"10932",0,0.89863942862819,1,1
"11011",0,0.426738361299008,0.791382939130156,1
"11017",0,0.451995667741148,0.792392099753818,1
"11040",0,0.841641717480811,1,1
"11041",0,0.889009594765693,0.773162994892927,1
"11106",0,0.0601366606218322,1,1
"11132",0,0.0189179149987959,0.853574662914295,1
"11193",0,0.271007426204255,1.03085816589136,1
"11218",0,-0.0755956470412226,0.989099623939221,1
"11220",0,-0.0997521074668502,0.997315988211372,1
"11223",0,0.168691342863107,1.00705787721026,1
"11243",0,0.135716745588297,0.690081613341265,1
"11257",0,0.485943299764665,0.688568649029779,1
"11265",0,0.273271741925627,0.927777182802921,1
"11285",0,0.522184738876265,0.791670748664148,1
"11303",0,0.0302449386770942,0.80342726437327,1
"11305",0,0.0617402818825909,0.894639641960458,1
"11306",0,0.479393551219189,0.952100753788005,1
"11310",0,0.641684187779051,0.882421415001972,1
"11334",0,0.339377226571412,1,1
"11336",0,0.42480901823413,0.764328665940285,1
"11375",0,-0.432539144864694,0.738544081340733,1
"11420",0,1,1,1
"11443",0,0.547284169090125,1,1
"11455",0,0.362715869943626,1.0785825197078,1
"11482",0,0.628944489228472,1.07506821111273,1
"11510",0,1,1,1
"11590",0,-0.161902112020383,1.00282443610938,1
"11624",0,-4.89150505142746,1,1
"11626",0,-2.30793963503586,1,1
"11675",0,0.653214564737696,0.830177223693043,1
"11680",0,0.401854665530016,1.1068465262862,1
"11685",0,0.482849141618407,0.817366953199592,1
"11692",0,0.326453423395027,1.0052835246669,1
"11693",0,0.343464352369866,0.99385418269129,1
"11698",0,0.576118097448567,1,1
"11699",0,0.120182622368092,0.989161609212662,1
"11725",0,0.906794833827411,0.984904326274579,1
"11728",0,0.326903218264435,0.809453740327557,1
"11743",0,0.866929042473089,0.978447592127717,1
"11750",0,0.110247817681882,0.978761762101437,1
"11758",0,0.184017301258246,0.975117761716585,1
"11774",0,-0.650149573771509,0.995001760765371,1
"11775",0,-0.0713526686690873,1,1
"11783",0,-0.0725149125758126,0.88338058031455,1
"11790",0,0.65069793556936,0.964958361234905,1
"11798",0,0.681989069027372,1,1
"11842",0,0.362987667998567,0.739481494001884,1
"11848",0,0.636889047774237,0.466625894545661,1
"11853",0,-0.0546679801312352,0.94608961670958,1
"11859",0,0.0443088720584203,1,1
"11892",0,0.857864268614327,1.00310871009908,1
"11900",0,1,0.738544081340733,1
"11917",0,0.0975137825428674,0.909671235874547,1
"11923",0,0.788118748235545,1,1
"11924",0,-0.57867270399445,1.00745625122703,1
"11972",0,0.681989069027372,1,1
"11977",0,1,1,1
"11991",0,-2.81947996807526,-1.42697699034479,1
"12001",0,0.376517468513913,0.781005098262652,1
"12051",0,0.434316414822402,1,1
"12053",0,-0.173589179757456,0.986752791363607,1
"12058",0,-0.68095800994573,1.04050181756146,1
"12080",0,0.559000748620312,1,1
"12093",0,0.256889814571348,0.65266929805122,1
"12114",0,0.522448299443829,1,1
"12124",0,0.821840610218023,0.939074861570563,1
"12126",0,0.4061797219492,0.931814584156478,1
"12144",0,0.0509863492026971,0.292712169484454,1
"12200",0,0.950707409556407,0.893161801654949,1
"12201",0,0.487495975338891,0.959115869730336,1
"12202",0,-0.130566474707386,0.911634598683034,1
"12203",0,0.588868310455096,0.806700109433498,1
"12204",0,0.184407677303034,1.01206361115225,1
"12223",0,0.718899562206693,1,1
"12238",0,-1.2925715700578,1,1
"12240",0,-0.114488930517377,1,1
"12277",0,1.08575930019749,0.982483895937352,1
"12291",0,0.61061500465974,1,1
"12292",0,1,1,1
"12296",0,0.880674353283603,1,1
"12297",0,0.777018072603659,0.965117698856746,1
"12307",0,0.11582462754513,0.97760235722666,1
"12362",0,0.238316318792194,0.79375698919605,1
"12428",0,0.808925094672474,1,1
"12429",0,0.558752927509172,1.08615518036547,1
"12432",0,0.766381274398204,1,1
"12453",0,0.22701647993104,0.99193713837589,1
"12488",0,-0.117178373879369,1,1
"12489",0,0.371729692013837,1,1
"12491",0,0.809119873540571,1,1
"12493",0,0.305916855826603,0.997190934103442,1
"12496",0,-0.0443222997326181,1,1
"12508",0,-0.593447497523776,0.988802656490245,1
"12509",0,-0.412894630768663,0.977249935632588,1
"12538",0,0.803964430575625,1,1
"12543",0,0.344372258523199,0.968479547734478,1
"12547",0,0.246164018770412,0.936358801868612,1
"12553",0,0.331040843036215,1,1
"12554",0,0.617789600930786,1,1
"12560",0,-0.486688518443183,-0.217088477453818,1
"12573",0,0.00752434722687424,1,1
"12581",0,0.235929430459719,0.790805149749,1
"12582",0,0.0521384501058245,0.71282997762658,1
"12589",0,0.35589667825709,1,1
"12591",0,0.658689713007861,1,1
"12596",0,0.362942840169433,1,1
"12600",0,0.692336755339569,0.868777745457783,1
"12601",0,0.426992688001211,1,1
"12638",0,0.913209324137769,1,1
"12640",0,0.942240607108841,1.01699588088156,1
"12641",0,0.637500613982684,1,1
"12642",0,0.929236981615741,1,1
"12643",0,0.739461132990472,1,1
"12648",0,0.216378036537241,0.790990697524082,1
"12656",0,0.317650227428566,1,1
"12669",0,-0.138565634314323,0.971597683320295,1
"12670",0,0.662748087136259,1,1
"12671",0,0.0638571583600031,0.976573996520434,1
"12673",0,0.10948704290201,0.948753546392473,1
"12687",0,0.192053117747334,0.515558894759229,1
"12723",0,0.298526513918701,0.830842318512266,1
"12724",0,0.498421614595753,0.930464568629866,1
"12728",0,0.180848806363636,1,1
"12740",0,0.363672695144687,0.651476293960126,1
"12746",0,0.891806234040206,0.95638608548091,1
"12772",0,0.544683432959069,1.08074782431573,1
"12780",0,0.56046273405935,0.992360984582791,1
"12781",0,0.360928024668459,1,1
"12786",0,0.685675317762494,1.01355079110296,1
"12787",0,0.64543968286969,1,1
"12845",0,1,1,1
"12881",0,0.363672695144687,0.651476293960126,1
"12891",0,0.92357657459926,1,1
"12896",0,0.840918035277585,0.305798767584259,1
"12903",0,0.784735023980397,1.11669861386085,1
"12925",0,0.880674353283603,1,1
"12926",0,0.604718902858003,1.07044305957435,1
"12927",0,0.521457291814883,0.979768937391612,1
"12928",0,0.90198846622964,1.0288401984439,1
"12947",0,0.0442383731538153,0.973166883298353,1
"12954",0,0.219556944788897,0.891218547714672,1
"12991",0,-0.0311734872464557,0.899643990514865,1
"12992",0,-0.0597621529353747,0.72774918269882,1
"12996",0,0.887618548564207,0.816091882447436,1
"13001",0,0.146954217582098,0.905946508396075,1
"13002",0,0.95934711229739,1,1
"13004",0,0.522297005204748,1,1
"13006",0,0.894867988320102,1,1
"13007",0,0.761134553306177,1,1
"13008",0,1,1,1
"13009",0,0.693983533092576,0.974165129966128,1
"13017",0,0.798786866700935,0.986229894419192,1
"13020",0,0.235360978089981,0.925611630506036,1
"13021",0,-0.432956962244855,0.825654307732168,1
"13025",0,0.897629545845339,1,1
"13052",0,-0.600919375017735,0.921831638036891,1
"13112",0,0.755515993115666,1,1
"13116",0,-0.508972477488555,1,1
"13123",0,-0.688779456388496,0.973441910893726,1
"13129",0,1,1,1
"13131",0,-0.672277824893784,0.826144256259039,1
"13150",0,0.68168327562421,0.825654307732168,1
"13152",0,0.221208576051215,1.17203834887132,1
"13159",0,-0.648198180311151,0.954360377629985,1
"13160",0,0.184382284767228,1.04736504319042,1
"13161",0,0.0238771146636782,1.00481072202301,1
"13163",0,0.110419529704877,0.979866739906254,1
"13199",0,0.669232036082609,0.959653724636202,1
"13202",0,0.80751175496666,1,1
"13207",0,0.282495876847709,0.966961507923338,1
"13212",0,0.249043817747536,1,1
"13226",0,0.880674353283603,1,1
"13248",0,1,1,1
"13258",0,0.713414617683234,0.583400236320099,1
"13284",0,0.00746839653349902,1.01200694687965,1
"13285",0,-0.473084469682844,0.847587990812692,1
"13286",0,0.335919678768428,0.864648216603965,1
"13288",0,-0.653536583955776,0.893262128812761,1
"13289",0,-0.70573602425123,0.885508453558144,1
"13305",0,0.238843618545412,0.904360344291943,1
"13332",0,-1.37021431861131,0.95814202023755,1
"13346",0,0.68168327562421,0.652370852351056,1
"13373",0,0.317274685189726,1,1
"13380",0,0.561415600552551,1.07526578021163,1
"13454",0,0.4746776923121,1.09350324191835,1
"13455",0,0.363672695144687,1,1
"13461",0,0.410270026651155,0.651353447955477,1
"13487",0,-0.170898612077472,0.984365455358965,1
"13488",0,0.0102777979460053,0.918804250619758,1
"13492",0,-0.0590824586602432,0.847150762357629,1
"13548",0,0.368552894664293,0.894444490844582,1
"13550",0,0.903372145245724,0.997469067873036,1
"13554",0,0.100573964521588,1,1
"13556",0,-0.575868248940342,0.895189016760766,1
"13558",0,-0.348913922187614,0.943126729117551,1
"13561",0,0.0627264643245759,0.809024346919567,1
"13573",0,0.681989069027372,0.305076040078068,1
"13589",0,0.618056410674687,0.37496334469199,1
"13590",0,-0.27296014339102,0.305076040078068,1
"13591",0,0.331179774110011,0.895372738039322,1
"13664",0,0.617789600930786,1,1
"13666",0,0.363672695144687,1,1
"13671",0,0.57971059195459,1,1
"13674",0,0.433813568638768,0.998278897634987,1
"13706",0,0.587398078862943,0.985572373669856,1
"13707",0,0.569062732223559,0.957671588191885,1
"13755",0,0.77556159010182,0.745080138602354,1
"13757",0,0.681989069027372,0.651476293960126,1
"13780",0,1,1,1
"13834",0,0.126605683077961,0.964023170843825,1
"13852",0,0.0443697201241333,0.934601039035808,1
"13853",0,0.385709496187792,1,1
"13890",0,-0.291160811565169,1,1
"13906",0,0.451605506013536,0.982127886204463,1
"13907",0,0.402623966606949,1,1
"13914",0,0.349235432074896,0.988866644942001,1
"13915",0,0.360017546199594,1,1
"13943",0,-0.364827831468239,0.404929931154959,1
"13953",0,0.618056410674687,1,1
"13981",0,0.69641460332265,0.824223471028262,1
"14013",0,0.045355888416238,0.651476293960126,1
"14055",0,-0.671333104785682,1,1
"14061",0,-0.0575772276284456,0.888308357764581,1
"14078",0,0.398194530125267,1.08374438131555,1
"14087",0,0.808973729866707,1,1
"14088",0,0.800789392340603,0.995670298480801,1
"14089",0,1.03838184632376,1.14867220084756,1
"14090",0,0.65546989777835,1,1
"14091",0,0.781562155234768,1,1
"14101",0,0.206821419292752,0.801476646163017,1
"14118",0,0.388357975024559,0.874935871331055,1
"14149",0,0.160057172856849,1,1
"14152",0,0.127504089490216,0.92972484024395,1
"14154",0,0.283843971410552,1,1
"14155",0,0.0105617652514303,1.00663741013335,1
"14174",0,-0.307145944906801,1.02017884018547,1
"14193",0,0.829720262627407,1.01779799131732,1
"14194",0,0.151504537537135,0.996183509404763,1
"14205",0,0.681989069027372,1,1
"14224",0,0.920440177471773,1,1
"14257",0,0.149631916640846,0.966950191073994,1
"14269",0,-0.0254919198187261,1.0507639823855,1
"14276",0,0.321880094210084,0.98590056022468,1
"14306",0,0.168948920393569,1.13113544251383,1
"14327",0,-0.146196320302896,1,1
"14330",0,0.698243037224195,1,1
"14331",0,0.550313178761283,1,1
"14332",0,0.446739623239335,1,1
"14333",0,0.745213178468538,1,1
"14337",0,0.343213342320937,0.842223915582588,1
"14352",0,0.502058857432113,0.960461543238565,1
"14354",0,0.573046953451133,0.807106371586656,1
"14355",0,-0.0554472671587312,1.03179012170933,1
"14356",0,0.0123252638827841,0.954282875575183,1
"14359",0,0.48960159660805,0.875472180193741,1
"14410",0,0.356403919554519,1.03485292552872,1
"14415",0,1,0.826144256259039,1
"14417",0,0.0891332553865601,1.00226883530176,1
"14423",0,0.453536633673396,0.932874931349459,1
"14450",0,0.419750295742015,0.962626355059399,1
"14458",0,-0.643847541290667,1,1
"14459",0,0.517973002009041,0.763948670474539,1
"14460",0,0.0979457705046905,0.951884644848361,1
"14478",0,0.0229863830035506,1,1
"14479",0,0.613633194812907,1,1
"14481",0,0.581878553243605,1,1
"14491",0,0.363213710910456,1,1
"14492",0,0.362863501561497,1,1
"14499",0,0.809119873540571,0.582884862026951,1
"14509",0,0.150716991960307,1,1
"14512",0,0.310015748292971,0.932849256730013,1
"14514",0,0.338466628675637,0.759517028459091,1
"14535",0,0.565362148301971,0.8444388952047,1
"14572",0,-0.11699499869857,0.920036332736686,1
"14583",0,0.89392857563121,1,1
"14585",0,0.830163362741907,1.14168525806238,1
"14586",0,0.618056410674687,1,1
"14587",0,0.809119873540571,1,1
"14588",0,0.512365844737784,1,1
"14589",0,0.522147591952692,1,1
"14624",0,1,1,1
"14660",0,-0.0504000957692566,0.288946143660577,1
"14674",0,-0.8052799745614,0.884198919509223,1
"14675",0,0.0443250805692459,1,1
"14725",0,0.401213907719164,0.832754481849893,1
"14745",0,0.242867658348888,1.03216810640765,1
"14754",0,0.517093073705327,0.833508678292276,1
"14783",0,0.765574591053867,1,1
"14807",0,0.371976188191298,1.02794131377152,1
"14835",0,0.172245742267652,0.987144808174623,1
"14836",0,0.45391328563093,1,1
"14837",0,0.255306359035929,0.971782604447795,1
"14856",0,0.363672695144687,0.651476293960126,1
"14876",0,-0.353734675409984,0.826144256259039,1
"14889",0,0.235929430459719,0.790805149749,1
"14893",0,-0.71938413409397,1,1
"14915",0,0.575408634032749,1,1
"14998",0,0.473457491873654,0.942783941678831,1
"15013",0,0.536622247751536,0.968288548229229,1
"15079",0,0.206314240427169,0.887253739867212,1
"15108",0,0.538137611411483,0.907479475349904,1
"15124",0,0.263258123628129,0.934858940079495,1
"15137",0,0.136225299910584,0.230458797261105,1
"15151",0,0.203715974028377,1,1
"15163",0,0.636889047774237,0.722404745361647,1
"15165",0,-0.273722968540332,0.825654307732168,1
"15186",0,0.218467983170679,0.969368777547044,1
"15191",0,-0.00633057988175606,0.90807708001516,1
"15195",0,0.229204048908346,0.987426859406754,1
"15197",0,-0.678746423904903,0.60325848908408,1
"15202",0,0.931803576219291,1,1
"15226",0,0.689467378010092,0.992222308335376,1
"15245",0,0.338973158907878,0.992728080997152,1
"15252",0,0.485345773184084,1,1
"15274",0,0.299231184441678,1,1
"15284",0,-0.746704449518606,1,1
"15343",0,1,1,1
"15366",0,0.724659158887807,0.96732104006124,1
"15404",0,-0.432539144864694,1,1
"15428",0,0.649346230222739,0.945108551773405,1
"15436",0,0.761167593004033,1,1
"15455",0,0.494095751400143,0.938447400189045,1
"15497",0,0.591699810765539,0.930106631253325,1
"15498",0,0.66018197191599,1,1
"15505",0,0.59695378291059,0.974859200984937,1
"15506",0,-0.00488504982519247,0.85895522979262,1
"15513",0,0.485399379603823,1,1
"15525",0,-0.909590933629218,1,1
"15551",0,-0.00967093628569416,0.941344774917172,1
"15571",0,-0.0839633598694741,0.975117761716585,1
"15575",0,0.748512845534887,1.21146863149284,1
"15579",0,0.329401517635992,0.925706863952103,1
"15595",0,-1.2279059915494,1,1
"15609",0,0.201124835337301,1,1
"15620",0,0.522448299443829,1,1
"15629",0,0.239769405026431,0.701437933860785,1
"15647",0,0.398779134982591,1,1
"15653",0,-0.28344596811966,1,1
"15654",0,0.348405213184516,1,1
"15676",0,-0.0755423895446069,0.991320974630115,1
"15702",0,-0.00171719219736258,1.07176131452464,1
"15710",0,0.358251410838161,1,1
"15716",0,0.362656581875357,0.971061170990801,1
"15735",0,1,1,1
"15763",0,-0.630251930585636,1,1
"15770",0,-0.148702377778989,0.995555735627778,1
"15778",0,-0.0504000957692566,0.40132229096316,1
"15796",0,0.528554125056989,0.933068726677328,1
"15821",0,-0.00619030876855262,0.904183042788483,1
"15823",0,-1.18380070161091,1,1
"15826",0,0.11007807621772,0.988270992868114,1
"15838",0,0.590642150924848,1,1
"15846",0,0.195236384568395,0.835447768075673,1
"15854",0,0.378057788408002,1.00379281881096,1
"15886",0,0.218782661377002,0.522007193890132,1
"15913",0,0.519371801913153,0.594515990350112,1
"15919",0,-0.242171236820518,1,1
"15920",0,0.400610279232367,0.982262424475027,1
"15921",0,0.320700863250495,0.986875976079484,1
"15946",0,0.117932654100065,1,1
"15948",0,0.401877743019703,0.832182869272588,1
"15950",0,0.515028329073553,0.847681416064635,1
"15951",0,0.596060924219601,0.827255206785235,1
"15966",0,0.362745766027085,0.995087589610822,1
"15971",0,-0.229066141119526,0.987194963228139,1
"15976",0,-0.00817747661646186,0.985664021287587,1
"15977",0,-0.256261668794785,0.919041175587718,1
"15978",0,-0.00613900291000313,0.93913208139341,1
"15982",0,0.218351841377423,0.733182306555811,1
"16021",0,-0.0406564793338623,0.935377777372132,1
"16022",0,0.931508318299097,1.00903181466794,1
"16037",0,-0.416518556918156,1.14168525806238,1
"16053",0,0.571992813334994,0.525021729427899,1
"16063",0,0.906453650014663,0.878221885824339,1
"16064",0,0.911196215465633,0.872920602854942,1
"16163",0,-0.30872766348171,0.279769486575059,1
"16164",0,0.303035967153208,0.995639357328014,1
"16165",0,-0.179794896928865,0.959574110617616,1
"16178",0,0.363672695144687,1,1
"16182",0,0.590494351375651,1,1
"16201",0,1,1,1
"16205",0,0.652438262080282,1,1
"16206",0,0.870414020223282,1,1
"16211",0,0.491854291120277,0.973586294062703,1
"16213",0,0.872594666315049,1,1
"16214",0,0.952366542690485,1.0637815119185,1
"16215",0,0.5110653516005,0.8953936480415,1
"16216",0,-0.362498748186529,0.911342123792735,1
"16217",0,-0.183698158094084,1.01890743427071,1
"16218",0,-0.53376990083519,1,1
"16219",0,0.176719876456051,0.991713279435253,1
"16220",0,-0.111198587969066,0.987848425099607,1
"16224",0,0.0243769856191782,0.920570330902961,1
"16225",0,0.255846478034248,0.826700552669056,1
"16226",0,-0.0124996969727917,0.860051636339294,1
"16227",0,-0.599893847019797,0.993690715614835,1
"16228",0,0.0526198089986474,1.05510818839353,1
"16233",0,0.537560794010347,0.932691338029365,1
"16234",0,0.300124035724886,1.02836323929869,1
"16243",0,0.590642150924848,1,1
"16251",0,0.36283311401077,1,1
"16298",0,-0.0460384252672893,0.674542298027534,1
"16317",0,0.308485164907068,0.876630497879112,1
"16318",0,0.62862357685929,0.996387334880787,1
"16353",0,0.036008271767815,1,1
"16357",0,-0.0275065667330197,0.988526797787195,1
"16358",0,0.143916997435497,0.990899643121574,1
"16371",0,0.507404856843597,0.998442494974564,1
"16372",0,0.183309772585852,1.07813323658332,1
"16375",0,0.681989069027372,0.651476293960126,1
"16377",0,0.0200078672549482,0.933222869588629,1
"16399",0,-0.552212954490962,1.0052384070465,1
"16401",0,0.934562173300308,0.973020315661318,1
"16402",0,0.941880908069882,1,1
"16403",0,0.855277492854495,0.960410299559611,1
"16404",0,0.717462877899711,1,1
"16414",0,0.788772401528329,0.995684716360162,1
"16437",0,0.0448664660821928,1,1
"16447",0,0.169681570329051,0.958735606254794,1
"16453",0,0.859860498019041,0.696691846102305,1
"16469",0,-0.0748453888848549,1,1
"16500",0,0.642477692925782,1.02914523832762,1
"16503",0,0.522212693555992,1,1
"16509",0,0.681989069027372,-0.387734810719049,1
"16510",0,-0.671333104785682,0.738544081340733,1
"16517",0,0.98189064545981,0.962527280800812,1
"16557",0,0.0448664660821928,1,1
"16570",0,0.432262899538441,1.08586323073524,1
"16597",0,-1.54622092286528,1,1
"16599",0,0.283843971410552,1,1
"16629",0,0.809119873540571,1,1
"16657",0,0.422627935964115,0.936347734879421,1
"16679",0,-0.2598196572077,1.04187932097924,1
"16681",0,0.816236226456898,1,1
"16747",0,1,1,1
"16752",0,0.85297069007534,1,1
"16754",0,-0.429607380324808,0.910453667281736,1
"16780",0,0.407961134714413,1.04112206594712,1
"16781",0,0.446739623239335,1,1
"16836",0,0.853970743730974,0.975117761716585,1
"16840",0,0.634992553913104,0.842223915582588,1
"16848",0,0.426992688001211,0.790805149749,1
"16864",0,0.0291418534776592,1.01790357038099,1
"16894",0,0.772488789386958,1,1
"16927",0,0.42046083201076,0.956285095946711,1
"16932",0,0.395795872552665,0.604175371046433,1
"16996",0,-0.00346087515452606,1,1
"16999",0,1,1,1
"17020",0,-0.0418234669321792,0.998861478392468,1
"17036",0,0.26440662246285,1.06296437232893,1
"17045",0,1,1,1
"17092",0,0.0445942931129221,0.219321411806145,1
"17130",0,-0.0848276328620007,0.818240075033543,1
"17158",0,0.431069500204255,1,1
"17159",0,0.402219544874398,0.924524998147839,1
"17185",0,0.840918035277585,1,1
"17214",0,0.0550600376501736,0.953974335675246,1
"17217",0,0.832759656353023,1,1
"17218",0,1,1,1
"17238",0,0.203979366703722,1,1
"17249",0,1,1,1
"17258",0,1,0.738544081340733,1
"17268",0,1,1,1
"17277",0,1,1,1
"17297",0,0.775806266465727,0.98707987167545,1
"17317",0,0.83058569990652,0.717596773435441,1
"17364",0,0.808861009824912,1,1
"17365",0,0.832759656353023,1,1
"17367",0,0.521596980368245,0.960780932347253,1
"17369",0,0.567640205935087,1,1
"17370",0,1.01917517280879,1.04232147267447,1
"17392",0,0.0493035918181814,0.722404745361647,1
"17425",0,1,0.47908637219465,1
"17439",0,0.245417612942817,0.934299295943633,1
"17441",0,0.363672695144687,1,1
"17465",0,0.478137362025267,1.02622894454512,1
"17491",0,0.150534273608092,1,1
"17492",0,-0.406156724417374,0.893161801654949,1
"17505",0,0.636889047774237,-0.300724391952568,1
"17545",0,0.295225331297839,0.612614762532275,1
"17556",0,-0.0297490965075451,0.717027810078946,1
"17571",0,0.672782638574934,1.01098220403151,1
"17576",0,0.346077503377977,0.991094112032,1
"17578",0,0.506016466722377,1.02791386571239,1
"17597",0,0.426738361299008,0.791382939130156,1
"17659",0,0.452077545259077,0.830177223693043,1
"17689",0,-0.0558168064993074,0.979658120434917,1
"17690",0,-0.29818033565066,0.984380255743852,1
"17716",0,0.771261858127174,1.13170993246608,1
"17759",0,1,1,1
"17780",0,0.734576170443039,1,1
"17801",0,-0.432539144864694,1,1
"17802",0,1,1,1
"17822",0,-0.20485932958511,0.908916836100359,1
"17862",0,0.755515993115666,1,1
"17863",0,0.312878964396415,0.916464703468391,1
"17864",0,0.135109919790664,0.856071577824771,1
"17867",0,0.160729941374714,0.91783831989413,1
"17868",0,0.276675133840059,0.849237291343385,1
"17869",0,0.173140282265895,0.874978635662943,1
"17870",0,0.0123619164214332,0.953819256767171,1
"17889",0,0.323231913967387,0.946102401267413,1
"17894",0,0.0499411474453469,1.02722174156484,1
"17895",0,0.111599776285424,0.971769337188302,1
"17897",0,0.334703467857467,0.587346748864617,1
"17935",0,0.127042257315751,0.833073338244536,1
"17959",0,1,0.895372738039322,1
"17961",0,0.150534273608092,1,1
"17987",0,0.234296925258674,1.01164923510004,1
"17992",0,0.477173263209735,0.984057138140532,1
"18025",0,0.283473771099121,1,1
"18029",0,0.581857152228852,1,1
"18045",0,-0.0907503078977986,1,1
"18047",0,1,1,1
"18050",0,0.987961700170019,1.12182408456247,1
"18051",0,0.688410917080518,0.855064830742445,1
"18053",0,0.920440177471773,1,1
"18064",0,0.485489348993537,1,1
"18067",0,0.840803939382476,1,1
"18074",0,0.912944913555679,1.00328724552205,1
"18078",0,0.553193933174906,0.987652532745808,1
"18095",0,0.191282097039667,1,1
"18098",0,-0.214640384276634,0.934858940079495,1
"18106",0,0.466687691683274,0.689601692602252,1
"18120",0,0.261176642647422,1.05023933546403,1
"18139",0,0.138632420613773,0.772900729819755,1
"18154",0,0.987961700170019,0.975117761716585,1
"18164",0,0.158615030023837,0.825487263894445,1
"18165",0,-0.297203712674403,1,1
"18167",0,0.26423690407107,0.995156549915939,1
"18218",0,0.880674353283603,1,1
"18232",0,-0.085298777901183,0.981587402107835,1
"18235",0,-0.490396588464569,0.929373380957485,1
"18236",0,0.0773535247321566,0.933713652461509,1
"18237",0,0.395795872552665,1.09067190605266,1
"18251",0,0.863634762833899,1,1
"18258",0,0.118920050640131,0.820279705144714,1
"18259",0,0.670457896856434,1,1
"18262",0,0.0841179337935986,0.95639814144384,1
"18263",0,0.721963931091612,0.96206089792668,1
"18264",0,0.426612782143076,1,1
"18280",0,0.775183136975827,1,1
"18300",0,-0.910922728070622,1,1
"18318",0,0.187441214072312,1.03694808470893,1
"18334",0,0.521670145863545,0.986754751842421,1
"18335",0,0.487790231899761,1.00242290205409,1
"18336",0,0.665496996168065,1,1
"18337",0,-0.408581034946181,0.995787135099009,1
"18417",0,-0.170662416093812,0.787154995335639,1
"18418",0,0.568801625849847,0.894554493949839,1
"18433",0,0.840918035277585,1,1
"18449",0,0.239475313253318,0.794455001325449,1
"18469",0,0.761434190385819,1,1
"18496",0,0.128885122429606,1,1
"18499",0,0.342000650362809,0.998714986529766,1
"18501",0,0.289311248576956,1,1
"18502",0,0.271007426204255,0.971007064169436,1
"18567",0,1,1,1
"18592",0,0.150716991960307,1,1
"18596",0,0.681989069027372,1,1
"18611",0,0.362633362362934,0.707218133904124,1
"18620",0,0.044658848699885,0.850550678598446,1
"18623",0,-0.160633187033614,1.00357722385815,1
"18629",0,0.442623545187191,1,1
"18642",0,0.0282763899778044,1,1
"18645",0,0.249723132650983,1,1
"18651",0,0.394054729758131,1.0055532114612,1
"18652",0,0.684242995907242,1,1
"18680",0,0.761167593004033,1,1
"18691",0,0.280458030833553,0.964866802181823,1
"18709",0,0.284047113589656,0.855114002497646,1
"18712",0,0.50691935470571,1,1
"18723",0,0.687037236776962,1,1
"18724",0,0.607747577382815,0.94704359492778,1
"18734",0,0.39487690834861,0.949688461102474,1
"18735",0,-0.728188358415447,0.971061170990801,1
"18745",0,0.453950834026613,0.73079057972703,1
"18770",0,0.306593508227258,1,1
"18785",0,0.522639243254555,1,1
"18798",0,0.688347021701539,1,1
"18813",0,-0.0476835885972564,0.915722624165261,1
"18826",0,0.863634762833899,1,1
"18846",0,-0.804215635499344,-0.203871403703839,1
"18859",0,0.125361060778918,0.982881626293737,1
"18869",0,-0.217953644735009,0.975117761716585,1
"18885",0,-0.00777232325126041,0.969905465436004,1
"18890",0,-8.790315733904,0.738544081340733,1
"18906",0,0.594266731663739,0.875271631054266,1
"18940",0,-0.345390988251707,0.53903477778254,1
"18949",0,0.561698244342425,0.898654693561277,1
"18960",0,-1.86453576558692,0.651476293960126,1
"18962",0,0.428987260474224,0.993204237267146,1
"18985",0,0.433283887394636,0.690447749798678,1
"19057",0,0.363672695144687,1,1
"19066",0,0.701404022970291,1,1
"19077",0,0.0509863492026971,0.292712169484454,1
"19079",0,0.178086429471416,1.02124030945421,1
"19082",0,0.891120453858602,1,1
"19083",0,0.722547961117438,1,1
"19183",0,0.880530121940745,0.989937131163888,1
"19197",0,1,1,1
"19221",0,-0.162486231473496,1,1
"19291",0,0.531811416211001,0.968717459848153,1
"19292",0,0.622611418155031,1.01579066428259,1
"19293",0,0.412022044099545,1.17477745788607,1
"19294",0,0.0464592084713114,1.04792519472093,1
"19309",0,-0.591275686779983,0.651476293960126,1
"19349",0,0.304167360603557,0.772183499767178,1
"19353",0,0.284296889550827,0.595118687434474,1
"19354",0,0.192896613218331,0.907285065046962,1
"19355",0,0.52751253296538,1.00078386453728,1
"19357",0,0.207078709630239,0.926292578176462,1
"19359",0,0.590361467295012,1,1
"19368",0,0.490366183716034,1,1
"19373",0,0.522639243254555,0.218816654840239,1
"19375",0,0.350103491482101,0.986510128121437,1
"19377",0,0.599782032399681,1.02759264067613,1
"19378",0,0.150425491876611,1,1
"19403",0,1,0.919512241734647,1
"19478",0,0.787755271857098,1,1
"19479",0,0.611705339248818,1,1
"19480",0,0.735448109809815,1,1
"19481",0,0.349886669305965,1.0143423050747,1
"19483",0,0.465916854681197,0.938629848884973,1
"19484",0,0.433660090070974,1,1
"19526",0,0.840918035277585,1,1
"19530",0,0.333210249476143,0.936137470774484,1
"19560",0,-0.171195773553965,0.729121556889436,1
"19578",0,-0.324697856120663,0.963392029306193,1
"19584",0,-0.0917224504239901,0.885055341571745,1
"19700",0,1,1,1
"19706",0,-0.118152050016999,0.924620364360529,1
"19710",0,0.309381070519546,1.00367587496213,1
"19727",0,0.0444715232059705,1,1
"19728",0,-0.102601257510975,0.919512241734647,1
"19729",0,0.518491889632651,0.801476646163017,1
"19732",0,0.363213710910456,1,1
"19734",0,0.209056115525903,1,1
"19739",0,0.393216956985059,0.802887020556527,1
"19740",0,0.142212631034034,0.694385505545405,1
"19760",0,0.0546363780430008,1.23050294262208,1
"19780",0,-0.347705705757415,1,1
"19782",0,0.170865152053336,0.937262429454759,1
"19784",0,-0.0864169283317536,0.983343322845029,1
"19787",0,-0.312710724997125,1.02088011882326,1
"19808",0,0.426992688001211,0.582884862026951,1
"19862",0,0.529864691736954,1,1
"19869",0,0.580485681209701,1.03577746717493,1
"19903",0,0.634061820174786,0.978288803217752,1
"19906",0,0.477173263209735,0.610343867984159,1
"19927",0,-0.0391623346264023,0.963155143925641,1
"19940",0,0.705262260277537,1.01119903551792,1
"19948",0,0.863634762833899,1,1
"19952",0,-0.36986419375995,0.638909928924862,1
"19954",0,0.184017301258246,0.683491930429105,1
"19988",0,1,1,1
"19991",0,0.893860987439501,1,1
"20002",0,0.0545673151248525,0.763449722533496,1
"20020",0,0.358576077222836,0.88056145200337,1
"20059",0,0.150534273608092,1,1
"20095",0,-0.0680781810918678,1,1
"20097",0,-0.22250234211181,0.975662824954802,1
"20161",0,0.437762580670012,1,1
"20162",0,0.326903218264435,0.95596014408171,1
"20176",0,0.35279369515843,0.831926164024482,1
"20190",0,0.194343896721292,0.92417116762455,1
"20200",0,0.727138549682969,1,1
"20205",0,0.559000748620312,0.759517028459091,1
"20206",0,0.0113125400208155,0.963914977001117,1
"20211",0,0.889755743902351,1,1
"20216",0,0.886217547757696,1,1
"20218",0,0.903460889824221,1,1
"20221",0,-0.663686834169801,0.961242289573826,1
"20222",0,0.176528047898945,0.927168201186674,1
"20228",0,0.176992978431636,0.970930963894352,1
"20229",0,-0.0941479133188821,0.958857396703887,1
"20243",0,0.621302512513,1,1
"20246",0,0.62605465874505,1,1
"20248",0,0.739754762973017,0.920886177999634,1
"20249",0,0.60901422504141,1,1
"20274",0,0.931803576219291,1,1
"20277",0,0.42665450551118,1,1
"20285",0,-1.38771451848527,0.738544081340733,1
"20311",0,0.045355888416238,0.651476293960126,1
"20313",0,0.150979065632764,0.977199214605776,1
"20427",0,0.522448299443829,0.652370852351056,1
"20453",0,0.419750295742015,0.962626355059399,1
"20455",0,-0.122982270172268,0.971103153554688,1
"20498",0,0.35422809295931,0.563224914508322,1
"20520",0,0.558612765639371,0.681489815521117,1
"20574",0,-0.146196320302896,0.790805149749,1
"20578",0,1,1,1
"20598",0,0.195914533276454,0.991609850273466,1
"20643",0,-0.910126969730505,0.218816654840239,1
"20683",0,0.283523336851697,1.03601029331879,1
"20687",0,1,1,1
"20722",0,0.16433108113718,0.928834653559479,1
"20731",0,0.343127497238409,0.958763180183215,1
"20751",0,0.837330203413454,1,1
"20752",0,0.541233970009356,0.916661299264193,1
"20770",0,0.188807102603469,0.812982401052121,1
"20775",0,0.480591827689726,0.488361395060751,1
"20787",0,0.681989069027372,1,1
"20817",0,0.840918035277585,0.47908637219465,1
"20837",0,0.123818143269932,0.96427567587446,1
"20845",0,1,1,1
"20850",0,-2.1828505440422,1,1
"20869",0,0.671477890529691,0.707218133904124,1
"20901",0,-0.0235231779430458,0.898643439378623,1
"20926",0,0.459756261673056,0.963764639789774,1
"20927",0,0.362913033571155,1,1
"20929",0,0.263860540360421,0.963423504081371,1
"20949",0,0.880595942687695,1,1
"20972",0,0.0729159917497796,0.88510253786785,1
"20981",0,0.519904604449778,1.08575930019749,1
"20982",0,-0.406312134927465,0.595367459499847,1
"20992",0,0.817999668007819,1,1
"20993",0,0.632779006434934,0.835894134716224,1
"20994",0,0.7804324355796,1,1
"21006",0,0.522639243254555,1,1
"21007",0,0.584046011616919,1,1
"21013",0,0.681989069027372,1,1
"21017",0,1,1,1
"21069",0,0.0450492808978284,0.738544081340733,1
"21071",0,-0.167801328328984,1,1
"21111",0,0.203507879298585,0.982558036984458,1
"21116",0,-0.146196320302896,1,1
"21126",0,-0.591275686779983,-1.77339356021344,1
"21222",0,0.727138549682969,0.850550678598446,1
"21261",0,0.404870476517514,1,1
"21301",0,0.835723300714332,1,1
"21302",0,0.522639243254555,1,1
"21308",0,0.878002428639452,1,1
"21313",0,-0.64170667147754,0.833954049547751,1
"21335",0,-0.0351914811310517,1,1
"21351",0,0.658656815179678,1,1
"21361",0,0.880674353283603,0.609268369109477,1
"21364",0,-0.27296014339102,0.651476293960126,1
"21386",0,0.989441738685377,0.850291194481016,1
"21394",0,-0.0795532054968489,0.782459922604811,1
"21398",0,0.420159982962021,0.787215536193777,1
"21423",0,-0.735854370741377,-0.193635244699208,1
"21450",0,0.00561331752462535,0.998191205948005,1
"21465",0,0.321572527740935,0.679053864141085,1
"21482",0,-0.0108614260555145,0.810548701722777,1
"21541",0,0.923173867964159,1.10086402479398,1
"21576",0,0.321807743509924,0.752734597379998,1
"21604",0,0.363213710910456,0.825654307732168,1
"21700",0,0.315909079499452,1.0123613288721,1
"21713",0,0.420733219999804,1,1
"21714",0,0.628332881947506,1,1
"21728",0,0.34162043086642,0.983711142107114,1
"21731",0,0.32226399840531,0.980972484442897,1
"21759",0,-0.194285046768287,0.869225197725097,1
"21760",0,-1.38771451848527,0.478681136487923,1
"21805",0,0.162484023202097,0.82605271475681,1
"21822",0,1,1,1
"21826",0,0.362656581875357,0.631891118434921,1
"21833",0,-0.205610732313489,0.837343830146922,1
"21834",0,0.219694356895914,0.927855284105459,1
"21871",0,0.808855249805484,1,1
"21872",0,0.0967856502381673,0.988065329642638,1
"21873",0,0.665481830835782,1,1
"21874",0,0.698243037224195,1,1
"21875",0,0.389352285847333,1,1
"21924",0,0.36306267941081,1,1
"21925",0,0.101554707891659,0.956356238326861,1
"21942",0,0.902487767512963,1,1
"21961",0,0.787629401796679,0.94203903685295,1
"22014",0,0.0693929382134018,0.972460800593355,1
"22089",0,0.556788976195378,0.907285065046962,1
"22165",0,-0.776566789028385,0.997939207921712,1
"22166",0,-0.140725179941691,0.932691338029365,1
"22167",0,-0.397815314262901,0.988975392512034,1
"22168",0,-1.08542036764117,1,1
"22210",0,0.272221845234646,0.875609106583355,1
"22213",0,0.494027863556431,1,1
"22238",0,0.271777578153961,0.884324773284497,1
"22241",0,0.408347359890065,0.87733428423993,1
"22242",0,0.426526599237534,0.935892481323707,1
"22243",0,0.100177510778081,0.810577639092011,1
"22245",0,0.727138549682969,1,1
"22260",0,0.977766135222851,1.02572696587405,1
"22275",0,-0.142778770366894,1,1
"22280",0,0.120486875200966,0.964382256308037,1
"22359",0,0.174635868527091,0.716053091126119,1
"22360",0,0.363672695144687,1,1
"22361",0,-1.32029615207804,1,1
"22362",0,0.426992688001211,1,1
"22395",0,0.726605036969454,0.955720467764196,1
"22397",0,0.0450492808978284,1,1
"22401",0,0.52216614697925,1,1
"22402",0,0.154500383561539,0.959872221078736,1
"22403",0,0.687709070934355,1,1
"22426",0,-1.1489207682136,1,1
"22544",0,0.623217932525569,0.808821548298324,1
"22567",0,0.346521530372959,0.724970735252154,1
"22568",0,-0.303247249503159,0.978176887301416,1
"22601",0,0.426992688001211,0.790805149749,1
"22603",0,-0.1685437814752,1.03552290221186,1
"22610",0,-1.03817815142259,1.01750100623623,1
"22702",0,0.0473399733234942,0.904139619580378,1
"22704",0,0.045355888416238,0.305076040078068,1
"22726",0,0.389096068168513,0.875841598441909,1
"22737",0,0.761434190385819,1,1
"22744",0,0.571586058841287,0.963914977001117,1
"22751",0,-0.337258993286848,0.582884862026951,1
"22788",0,0.751168558114609,1.11966686810364,1
"22823",0,0.575408634032749,1,1
"22824",0,1,0.651476293960126,1
"22891",0,0.632512191878196,1,1
"22903",0,1,1,1
"22904",0,0.560794062295273,0.877326434977419,1
"22945",0,-0.146196320302896,0.167038078370319,1
"22960",0,1,1,1
"22961",0,0.779535328154103,1,1
"22965",0,0.798844569357957,1,1
"23034",0,0.048738709518223,0.752796934424042,1
"23035",0,0.258040245272035,0.638909928924862,1
"23037",0,0.17096847018339,0.88748938931014,1
"23049",0,0.156791350420262,1,1
"23055",0,0.492012103130123,0.713933969586715,1
"23069",0,0.26567506256271,0.273662917903277,1
"23073",0,0.20821116693709,0.371107726858045,1
"23087",0,0.785835814323801,0.855934589733305,1
"23095",0,0.681989069027372,1,1
"23115",0,0.270505899882664,0.924214256055525,1
"23116",0,0.608683157486556,1.06209688921708,1
"23130",0,-0.148084567566659,0.95775069785829,1
"23152",0,0.447783423407739,1,1
"23154",0,0.42665450551118,1,1
"23164",0,0.833823853434494,1,1
"23165",0,0.637500613982684,1,1
"23166",0,0.782794654698689,1,1
"23167",0,0.727138549682969,1,1
"23168",0,0.832759656353023,1,1
"23169",0,0.723901549011835,1,1
"23172",0,0.90444377247643,1,1
"23184",0,0.722547961117438,0.932691338029365,1
"23186",0,0.550526366848032,0.920261459920363,1
"23190",0,0.926558835183118,1,1
"23195",0,0.126379421175534,0.985371064197713,1
"23296",0,-0.528846607897552,1,1
"23297",0,0.13080938996551,0.89467343351029,1
"23394",0,0.459172177280663,0.770474490474388,1
"23428",0,0.530477594167687,1,1
"23440",0,0.0450492808978284,0.478681136487923,1
"23471",0,0.936349150650597,1,1
"23475",0,0.571992813334994,0.752796934424042,1
"23495",0,0.931803576219291,1,1
"23560",0,1.14658704248361,1.13853541049204,1
"23567",0,-0.708515872338276,0.986918375700142,1
"23574",0,0.241028802035805,1,1
"23577",0,-0.790859533103453,0.786002206714114,1
"23580",0,-0.0602051798832558,0.970072932311158,1
"23581",0,0.0982137968953149,0.966300357710631,1
"23626",0,-0.157002383945348,0.87832844115637,1
"23627",0,0.0826614620854271,0.94825263775433,1
"23643",0,0.235929430459719,0.582884862026951,1
"23716",0,0.891030986585054,0.967462694700335,1
"23730",0,0.402913604735669,1,1
"23731",0,-0.517817185821936,1,1
"23739",0,0.42371370025943,1,1
"23756",0,-0.237775716180883,1.01913333854508,1
"23760",0,0.739386463391843,1,1
"23762",0,0.926558835183118,1,1
"23765",0,0.931605390006157,1.01221730919462,1
"23766",0,0.798793222279185,1,1
"23768",0,0.726977953163597,1,1
"23769",0,1,1,1
"23781",0,0.920392637112181,1,1
"23784",0,0.713328766787529,1,1
"23785",0,0.945410092349156,1,1
"23803",0,0.342973927090739,0.924524998147839,1
"23815",0,0.830435137302608,1,1
"23820",0,0.702933783136983,1,1
"23823",0,0.829377125396632,0.922609840467294,1
"23830",0,0.131345111185287,1,1
"23833",0,0.436954055879127,0.781207087722883,1
"23865",0,0.407961978904317,0.97340230124997,1
"23883",0,-0.21707329213162,0.997442384819888,1
"23887",0,0.242810141109045,0.99707529545901,1
"23898",0,0.0800065796172047,1.02594088995541,1
"23908",0,0.338451003210086,0.868173035879531,1
"23912",0,-0.00346637804389203,0.798017911690714,1
"23913",0,0.105668085009765,0.974767205543902,1
"23914",0,0.0715020442376256,0.973921497406789,1
"23915",0,-0.0869107635754311,0.9599160074937,1
"23939",0,-0.0898378098145682,0.944789857956501,1
"23940",0,0.0476558614122003,0.945477717699298,1
"23962",0,0.410746017137197,1.13170993246608,1
"23968",0,-1.32029615207804,1,1
"23979",0,0.327269328281876,0.901303251209442,1
"23989",0,0.186575450121176,0.86707968538859,1
"24060",0,0.193889703930792,0.983135856057083,1
"24073",0,-0.0353497414583192,1,1
"24113",0,-0.199638742576602,0.973041106958844,1
"24118",0,0.249965472629924,0.914317049850492,1
"24119",0,0.247730821365868,0.771618467148806,1
"24120",0,0.557095563833042,0.92373805349354,1
"24166",0,0.293960724099367,0.972990196792348,1
"24168",0,0.117932654100065,1,1
"24173",0,-0.0789367780103808,0.993138583138851,1
"24201",0,0.432659891190712,0.453321213545887,1
"24217",0,0.468990977455843,1,1
"24265",0,0.356728473413635,1.08795318447764,1
"24283",0,0.590494351375651,1,1
"24285",0,0.240991338898427,1.01781807805161,1
"24286",0,0.317304985773848,1,1
"24300",0,0.701404022970291,1,1
"24301",0,0.363672695144687,1,1
"24320",0,1,1,1
"24327",0,0.222628469246005,0.772900729819755,1
"24359",0,0.426992688001211,1,1
"24390",0,-0.213498463583288,0.75096543327818,1
"24396",0,0.474398757746598,1,1
"24418",0,0.553150769601401,0.495858609186909,1
"24421",0,0.29807560736337,1.10770715425752,1
"24423",0,0.310344918478109,0.810407262681296,1
"24467",0,0.461496594069502,0.84982695810003,1
"24476",0,0.558711410422065,1.01378820060018,1
"24497",0,0.769915577910311,1,1
"24518",0,0.163729459981776,0.967297652006464,1
"24519",0,0.131345111185287,0.904881860794233,1
"24540",0,0.830163362741907,0.971061170990801,1
"24544",0,0.426612782143076,1,1
"24566",0,1,1,1
"24611",0,0.363213710910456,0.825654307732168,1
"24627",0,0.592056093971889,0.447763201467189,1
"24636",0,0.527592376936762,1,1
"24644",0,0.31817015265017,1.00167478324547,1
"24657",0,0.884797379515934,0.925827298930788,1
"24681",0,1,1,1
"24701",0,1,1,1
"24729",0,0.761434190385819,1,1
"24731",0,0.258302933334137,0.948927378371877,1
"24757",0,0.363213710910456,1,1
"24763",0,0.745213178468538,1,1
"24764",0,0.045355888416238,1,1
"24774",0,-0.818937839849063,0.642457258271872,1
"24792",0,0.575291878170695,1,1
"24793",0,0.542578137612611,0.983971665201801,1
"24887",0,0.295837670336318,1,1
"24903",0,0.718437488883235,0.995943584929622,1
"24940",0,0.0539154411168442,0.454800872093727,1
"24951",0,1,0.651476293960126,1
"24961",0,0.50567151336593,1,1
"24963",0,0.426738361299008,1,1
"24964",0,0.853047131649121,1,1
"24995",0,0.0563020669537998,0.678444921343354,1
"25008",0,0.455768878469397,0.843589233096663,1
"25009",0,-0.284589124489781,0.677568737312208,1
"25012",0,0.474398757746598,1,1
"25023",0,-0.596949774414633,1.09067190605266,1
"25030",0,-0.449339799146778,0.864311077962572,1
"25034",0,0.522232708546856,0.925260209509074,1
"25035",0,0.181154497557199,1,1
"25041",0,0.985999077077665,1.14168525806238,1
"25072",0,1.13755390827764,0.90772554540067,1
"25075",0,0.920392637112181,1,1
"25096",0,0.994938910284344,0.894059538409924,1
"25101",0,1,1,1
"25102",0,0.426992688001211,1,1
"25137",0,0.681989069027372,1,1
"25157",0,-0.432956962244855,1,1
"25201",0,0.469235607266889,1,1
"25204",0,-0.109557140320437,0.936326238959513,1
"25208",0,0.522353549641333,0.869225197725097,1
"25225",0,0.50567151336593,1,1
"25261",0,0.128521619028234,0.956871571782948,1
"25317",0,0.0448664660821928,1,1
"25337",0,0.0587595345619747,0.923933074699852,1
"25395",0,0.516980138568408,0.832754481849893,1
"25428",0,0.104350635209319,0.570400534929229,1
"25453",0,-0.0431268605393713,0.973111815542475,1
"25458",0,0.202871859893406,0.986527359763038,1
"25461",0,-0.29845048648353,0.903593135217554,1
"25488",0,-0.909590933629218,-0.0413262623689918,1
"25496",0,0.627055439763378,0.974299117202076,1
"25506",0,-0.0823102790411399,0.672310530766841,1
"25513",0,0.565616948546378,1,1
"25522",0,0.840918035277585,1,1
"25610",0,0.236734227046145,1.01054302717304,1
"25617",0,0.038631847732561,0.954188761451212,1
"25621",0,0.240296672522675,1,1
"25623",0,-1.54622092286528,1,1
"25624",0,0.045355888416238,1,1
"25626",0,0.618056410674687,0.582884862026951,1
"25627",0,-0.115078196453031,1,1
"25670",0,0.054343897929742,0.95696864540527,1
"25673",0,0.125057565743106,0.735103756764881,1
"25692",0,0.803865453256817,0.612270187098372,1
"25706",0,0.298358649321267,1.00753718758071,1
"25707",0,0.797287437908892,1,1
"25708",0,0.725143975288019,1.03089042013472,1
"25712",0,-0.538042501676444,0.960546699988694,1
"25713",0,-1.0104964648331,0.89049267384902,1
"25716",0,0.522353549641333,1,1
"25721",0,-0.00500003861004,0.851253354262395,1
"25723",0,0.363213710910456,0.652370852351056,1
"25737",0,1,1,1
"25748",0,0.469058386329282,1,1
"25749",0,0.65546989777835,1,1
"25754",0,0.636150776326494,0.851089074409252,1
"25755",0,0.681404313152397,1,1
"25763",0,0.787755271857098,1,1
"25764",0,0.808973729866707,1,1
"25765",0,0.501393294775041,0.864062055284016,1
"25794",0,0.171647608352587,0.947886545906077,1
"25834",0,0.128999441589256,0.997824638441512,1
"25851",0,1,1,1
"25860",0,-0.671333104785682,1,1
"25862",0,0.617723993667778,0.965117698856746,1
"25865",0,-0.774314312813851,1,1
"25867",0,-0.0842874893344072,0.830177223693043,1
"25886",0,0.556606625439532,1.03327416419431,1
"25897",0,0.123190595589275,1.00709367315095,1
"25917",0,0.331179774110011,0.791382939130156,1
"25927",0,0.617756725205045,0.843674224383485,1
"25938",0,0.658689713007861,0.962626355059399,1
"25972",0,0.120209976739881,0.93990676460456,1
"26021",0,0.363672695144687,1,1
"26027",0,0.233391155564046,0.990546738109374,1
"26035",0,0.647446702279736,1,1
"26051",0,0.108081857737656,0.964138924081069,1
"26073",0,0.27765120875155,0.921307861320535,1
"26092",0,0.89392857563121,1,1
"26106",0,0.278977213777246,0.972371617415401,1
"26113",0,0.317650227428566,0.256386046344535,1
"26119",0,-0.461599812729917,0.816091882447436,1
"26122",0,0.0443250805692459,0.843674224383485,1
"26130",0,0.173808526344735,0.911743268281909,1
"26133",0,-0.590753288232503,0.984231310497492,1
"26139",0,0.299231184441678,1,1
"26140",0,-0.380146805368388,1,1
"26143",0,0.284062503401196,1.03453070082701,1
"26179",0,0.452944181939016,1.03719931224102,1
"26180",0,0.335809777671291,1,1
"26183",0,-0.0860181181133782,1,1
"26184",0,0.0937046796239546,0.939519724022184,1
"26185",0,0.148942966123618,0.957166669379182,1
"26186",0,0.391769214342457,0.984143602955054,1
"26211",0,0.86981203708863,0.98782345879793,1
"26212",0,0.818883722148085,0.938528208167449,1
"26223",0,0.761167593004033,1,1
"26227",0,0.354821186672647,0.681456731777098,1
"26231",0,-0.169487181752263,0.906492520652118,1
"26234",0,-0.176659734983825,0.899385519815301,1
"26240",0,-0.388970067020548,0.971007064169436,1
"26247",0,0.522639243254555,0.218816654840239,1
"26272",0,0.399313825359869,0.922846589031515,1
"26291",0,0.864279430571697,0.454800872093727,1
"26297",0,0.737420862326641,1,1
"26308",0,0.920440177471773,1,1
"26309",0,0.761434190385819,1,1
"26310",0,0.618056410674687,1,1
"26311",0,0.0442432964654364,1,1
"26315",0,1,1,1
"26316",0,0.522152889565822,1,1
"26317",0,0.170229029673785,0.954208353936608,1
"26343",0,0.772488789386958,1,1
"26349",0,0.437754359783596,1,1
"26351",0,0.493421065879135,1,1
"26361",0,0.356822006818154,1,1
"26407",0,0.872580650908156,1,1
"26425",0,0.402637608221477,1,1
"26428",0,-0.27296014339102,0.651476293960126,1
"26453",0,1,1,1
"26458",0,0.90984679358998,1,1
"26462",0,0.940326628862125,1,1
"26464",0,0.787755271857098,1,1
"26465",0,0.89115197131703,0.955122509367077,1
"26467",0,0.878368342872149,1,1
"26497",0,0.150534273608092,1,1
"26572",0,0.797551079320573,0.0540109135524371,1
"26573",0,0.800924366932735,1,1
"26583",0,-0.101952729143055,1.01875719415707,1
"26588",0,0.166307525465613,0.99461385043828,1
"26597",0,0.931803576219291,1,1
"26608",0,0.76932978287792,1,1
"26614",0,0.327512001338141,0.84011300244904,1
"26615",0,0.761434190385819,1,1
"26616",0,0.331179774110011,1,1
"26617",0,0.909021675705535,1,1
"26623",0,0.228627961039243,1,1
"26636",0,0.681531440495002,1,1
"26639",0,0.468190029925493,1,1
"26640",0,0.433587076501911,0.953722248428933,1
"26659",0,0.264841655403551,0.879745511697171,1
"26668",0,-0.591275686779983,1,1
"26679",0,0.152783932537034,0.886606724596241,1
"26695",0,-0.0688976146324235,0.744705098210459,1
"26699",0,0.453432316157707,1.02473585277887,1
"26733",0,0.117932654100065,1,1
"26734",0,-0.0512594601360934,1.02456208695669,1
"26753",0,0.676903871813457,1.05757897347141,1
"26754",0,0.840747050608332,1,1
"26756",0,0.437767548352641,0.773093865573342,1
"26781",0,0.404482141341661,0.945505592518042,1
"26782",0,-0.178516725579267,0.791848832434198,1
"26783",0,-0.0220779075007178,0.998877508912702,1
"26784",0,0.354866523815917,1,1
"26785",0,0.564033849891626,1,1
"26786",0,0.363672695144687,1,1
"26806",0,0.0481289528361091,0.87747450479665,1
"26851",0,0.446496948141158,1.07147714114026,1
"26870",0,0.516980138568408,0.832754481849893,1
"26886",0,-0.0510542898252488,-0.1445613149518,1
"26920",0,0.0513115822485419,0.507689821567655,1
"26922",0,0.90444377247643,1,1
"26923",0,-0.0835460188123824,0.962469900098122,1
"26935",0,0.46833692715533,1.00899294793215,1
"26936",0,-0.242943150284918,0.894867088707297,1
"26939",0,-0.315475869959858,0.982328802511925,1
"26941",0,0.23601462758013,1.02458281267793,1
"26942",0,-1.05501684820987,1,1
"26946",0,0.880674353283603,1,1
"26949",0,0.601783470486892,1,1
"26954",0,0.920440177471773,1,1
"26959",0,1,0.738544081340733,1
"26960",0,0.0447451708381859,0.305798767584259,1
"26965",0,1,0.478681136487923,1
"26968",0,0.117115757649627,1.10784767925509,1
"26991",0,0.357710593153587,0.973678211561344,1
"27005",0,0.250369960808199,0.979480211970312,1
"27016",0,-0.0467048852281504,0.950170136484063,1
"27033",0,0.338325825326439,1,1
"27034",0,0.31744791328935,1,1
"27074",0,-0.401810638535582,1,1
"27083",0,0.820796521134535,1.01828382798411,1
"27091",0,0.306624525482089,0.864311077962572,1
"27118",0,0.163830432600197,0.934601039035808,1
"27119",0,0.126605683077961,0.981956618922044,1
"27142",0,-0.507110227321844,1,1
"27148",0,0.0537259855146598,0.833508678292276,1
"27184",0,0.863634762833899,1,1
"27193",0,0.518491889632651,1.14168525806238,1
"27196",0,0.284337598896603,0.978176887301416,1
"27197",0,0.590642150924848,0.702011907838109,1
"27198",0,0.249186340691476,0.925260209509074,1
"27199",0,0.362633362362934,1.04332133090283,1
"27207",0,0.174735204770613,1.04584722434594,1
"27291",0,0.915227986870199,1.00725946963696,1
"27293",0,0.42658781760589,1,1
"27296",0,0.570884105805743,1,1
"27307",0,0.227545035106,1.02030915557241,1
"27322",0,1,1,1
"27331",0,0.467413341761326,0.981337845937775,1
"27365",0,-0.188726376997611,0.642457258271872,1
"27375",0,0.808886499427692,1,1
"27393",0,0.847340329043036,1.12870940629351,1
"27394",0,0.643934814411542,1,1
"27397",0,0.631091191113813,1,1
"27398",0,0.540555397044402,0.953667567682042,1
"27399",0,0.739342192741842,1,1
"27400",0,0.732947457540755,1,1
"27401",0,0.522639243254555,1,1
"27409",0,0.936294365759024,1,1
"27424",0,0.00942967499600753,0.952113257842044,1
"27431",0,0.0468009779282798,0.930198545894079,1
"27432",0,0.512365844737784,1,1
"27436",0,0.931803576219291,1,1
"27437",0,0.370459326986201,0.966528952420271,1
"27439",0,0.0448219874833103,0.829725896918877,1
"27489",0,0.203979366703722,0.825654307732168,1
"27493",0,0.045355888416238,0.305076040078068,1
"27506",0,0.880674353283603,1,1
"27507",0,0.269166000964516,0.926049749188657,1
"27508",0,0.227353763729436,0.943665156903208,1
"27510",0,-0.0364952052603589,0.884837872069487,1
"27538",0,0.0825192737004836,0.916539068801462,1
"27557",0,0.494095751400143,0.877269822216268,1
"27602",0,0.362987667998567,1,1
"27608",0,0.411977978604649,1,1
"27609",0,0.940326628862125,0.869600534653972,1
"27654",0,0.353231035996795,0.983024430401057,1
"27667",0,0.240011767630822,0.711802139469046,1
"27674",0,0.14823944150382,0.967207878702378,1
"27682",0,-0.27296014339102,-0.387734810719049,1
"27722",0,-0.360180080503835,0.513698147606142,1
"27728",0,0.798844569357957,0.944925662801466,1
"27744",0,-0.694210697625092,1,1
"27748",0,0.475880273536077,0.692509364845552,1
"27760",0,0.0793754059075814,0.887877755713776,1
"27779",0,0.251984452429951,1,1
"27790",0,0.656809426458229,0.733867755530962,1
"27874",0,0.0772270640685859,1,1
"27898",0,1,0.37496334469199,1
"27932",0,1,0.651476293960126,1
"27947",0,0.166820579003571,1.1068465262862,1
"27951",0,0.353472825140131,1,1
"27996",0,-0.0206538373827767,1.02475443322475,1
"28091",0,0.327358255458153,0.849612971407455,1
"28107",0,0.045355888416238,1,1
"28124",0,0.809119873540571,0.167038078370319,1
"28162",0,0.880674353283603,1,1
"28173",0,0.575408634032749,1,1
"28182",0,0.808900928617896,1,1
"28216",0,-0.27296014339102,-0.0413262623689918,1
"28220",0,0.045355888416238,1,1
"28226",0,0.522117983185568,1,1
"28227",0,0.713286312422268,1,1
"28251",0,0.840918035277585,1,1
"28266",0,0.104687178158054,1,1
"28267",0,0.369983342777772,1.01320194421284,1
"28275",0,-0.210651979921783,1,1
"28290",0,0.618056410674687,0.790805149749,1
"28292",0,0.425580701314659,1.08575930019749,1
"28318",0,0.0537889941564932,0.371107726858045,1
"28370",0,0.417407539334682,0.807314955473668,1
"28390",0,-0.26727000950135,0.891414258906081,1
"28396",0,0.369877000746737,0.821387045450275,1
"28398",0,0.471818949909355,0.954909962454115,1
"28405",0,-0.910922728070622,0.609268369109477,1
"28408",0,0.375001552322988,1.00667822819008,1
"28423",0,-0.27296014339102,0.651476293960126,1
"28446",0,0.649582799276803,1,1
"28447",0,0.681989069027372,1,1
"28452",0,-0.242390642711312,0.791670748664148,1
"28459",0,-0.332378836869565,1.00431094392176,1
"28496",0,0.11246256269324,0.938009280505691,1
"28498",0,0.635888252409937,1,1
"28506",0,0.195948971270879,0.962339355334892,1
"28532",0,0.982201874466301,0.850821835329587,1
"28538",0,0.283843971410552,1,1
"28554",0,0.252705805215627,0.936155909464675,1
"28556",0,-0.151229918657504,1.04506989949609,1
"28563",0,0.116643749163454,0.913445850059817,1
"28569",0,0.167756188036903,0.998094098586406,1
"28630",0,0.810212257370304,1.06495155441535,1
"28648",0,0.381160755738633,0.498020332682417,1
"28698",0,0.558027901693786,0.769628350402942,1
"28713",0,0.092807901598498,0.894113046413106,1
"28726",0,-0.25625605070339,0.944984708142549,1
"28755",0,0.48425537462614,0.887443455761567,1
"28756",0,0.260681216995319,0.936271461757548,1
"28757",0,0.277607370976724,0.901187018982361,1
"28760",0,0.0804037801393299,0.813648636463656,1
"28763",0,-0.391533709423004,1.07840567409028,1
"28767",0,-0.326982037209614,0.943539921139788,1
"28779",0,0.338829668827777,0.340363352892496,1
"28797",0,0.530995853839658,0.890521008497637,1
"28800",0,0.501327218417745,0.909458361210952,1
"28819",0,0.863634762833899,1,1
"28820",0,0.949650665613638,1.03142776003849,1
"28836",0,0.47873224314471,0.905159483280117,1
"28841",0,0.681989069027372,1,1
"28842",0,-0.172902775740558,1,1
"28844",0,0.885946415639824,1.09514856036895,1
"28915",0,0.483886010141474,0.958267199552292,1
"28918",0,0.878357143614589,1,1
"28926",0,0.103040333680442,0.969002693898783,1
"28997",0,-0.303247249503159,0.594515990350112,1
"29033",0,0.216009295169549,0.432326824784872,1
"29035",0,0.390620591431784,1.04712820941313,1
"29041",0,0.289206888628215,0.934911170177054,1
"29043",0,0.483728893020891,1.00659246255995,1
"29066",0,0.747540578565561,1,1
"29071",0,0.71997960509138,0.683491930429105,1
"29115",0,0.0860041540903314,0.973496037665029,1
"29220",0,-0.284287360467203,0.967297652006464,1
"29233",0,0.761434190385819,1,1
"29243",0,0.913209324137769,1,1
"29253",0,-0.411291060395118,0.993880692276823,1
"29268",0,0.265203999094299,0.99320786969003,1
"29269",0,0.836908410889451,0.922637828295783,1
"29270",0,0.43975697429239,1,1
"29274",0,0.510351391323253,0.952592506385715,1
"29276",0,0.617789600930786,1,1
"29299",0,0.672330485992758,1,1
"29301",0,-0.390114413767506,0.905159483280117,1
"29302",0,0.681531440495002,1,1
"29314",0,0.426258845193622,0.917822116515663,1
"29316",0,0.112663217463228,0.108101938329198,1
"29320",0,0.608457821353633,1,1
"29322",0,0.592603956933429,1,1
"29323",0,0.366321481134828,1.00783671582404,1
"29324",0,0.426529779279144,0.982558036984458,1
"29325",0,-0.1780703834854,1.12797728554094,1
"29327",0,-0.45496512852297,0.9305840890473,1
"29328",0,-0.29506473917028,0.983291440954116,1
"29330",0,-0.318345983222894,0.883144155077823,1
"29331",0,0.611746352787744,0.934794549775007,1
"29336",0,-0.815521943683921,1,1
"29337",0,0.802262137727537,1,1
"29338",0,0.965469330990025,1.11589332222738,1
"29356",0,0.69804039211436,0.914360708419029,1
"29411",0,0.271800701357576,1,1
"29477",0,0.327465208904057,1,1
"29478",0,0.575408634032749,1,1
"29488",0,1,1,1
"29498",0,0.944603460334041,1,1
"29499",0,1,1,1
"29502",0,1,1,1
"29504",0,0.904532712109329,1,1
"29505",0,0.86354165118656,1,1
"29507",0,0.91617302457962,1,1
"29508",0,0.985747743047689,1,1
"29512",0,1,1,1
"29550",0,0.761234096755946,1,1
"29655",0,-0.193728319942522,0.78884612814547,1
"29661",0,0.634299016078525,1,1
"29704",0,0.24201337929772,1,1
"29716",0,0.615890567172956,1,1
"29718",0,0.266094040168206,0.981312244571014,1
"29725",0,1,0.702011907838109,1
"29729",0,0.618056410674687,1,1
"29745",0,0.723349410734024,1,1
"29747",0,0.731451453867467,1.00624624051323,1
"29752",0,0.191322421882383,1,1
"29763",0,0.739461132990472,0.715804076835728,1
"29770",0,0.645746029269629,1,1
"29794",0,0.454146084458174,1,1
"29799",0,-0.0810005114464988,0.987579037135174,1
"29838",0,0.945410092349156,1,1
"29840",0,0.963949083533704,1,1
"29841",0,0.815041618843769,1,1
"29848",0,0.299231184441678,0.930241926464631,1
"29851",0,0.0853483505752705,0.744363336752512,1
"29867",0,0.985978353210356,1.12751992351425,1
"29886",0,0.375070607239242,0.76220497856175,1
"29887",0,0.787671012044477,1,1
"29890",0,0.169915124682246,1.03756690685678,1
"29891",0,-0.134290193003527,0.934998504998883,1
"29893",0,-0.565301242941808,0.418304000168669,1
"29897",0,-0.129552329080178,1,1
"29898",0,0.517627912110379,0.990219260325555,1
"29899",0,0.383348877947944,1,1
"29907",0,0.608570380522849,0.988309189348367,1
"29914",0,-0.240482261063673,1,1
"29918",0,-0.27296014339102,0.651476293960126,1
"29923",0,0.734576170443039,1,1
"29937",0,0.561671553368722,0.789691628923765,1
"29958",0,0.552201030807049,1.05742552339518,1
"29973",0,0.618056410674687,1,1
"29974",0,1,1,1
"29980",0,-0.194285046768287,1,1
"29989",0,0.931803576219291,1,1
"30041",0,-0.361243668101077,1.01202786977833,1
"30074",0,0.402751907897889,1,1
"30096",0,0.0539154411168442,0.0768420314517397,1
"30121",0,0.847116454355704,1,1
"30137",0,0.387784923898456,0.918387669299113,1
"30141",0,0.379214093037521,0.993488094278677,1
"30143",0,0.681581823708808,1,1
"30199",0,1,1,1
"30217",0,0.483728793703682,0.977506793354998,1
"30231",0,0.926558835183118,1,1
"30251",0,0.139842081100458,1,1
"30259",0,0.303017291760728,0.703391714526061,1
"30265",0,0.33090921098585,0.58209801737524,1
"30300",0,0.575408634032749,1,1
"30307",0,-0.19671047793614,1,1
"30313",0,0.732947457540755,1,1
"30314",0,0.076066795964221,1,1
"30331",0,0.36279179573936,1,1
"30341",0,0.0859586620736973,1.04956287706012,1
"30343",0,0.406486730382707,0.922499112939529,1
"30357",0,-0.0424020547269686,0.904881860794233,1
"30389",0,-0.719561083885711,0.989089494906589,1
"30391",0,0.618056410674687,0.582884862026951,1
"30392",0,0.617714669900937,0.880947564904133,1
"30397",0,0.278310174220019,0.887658585307862,1
"30398",0,0.338595515933407,0.952797089248661,1
"30400",0,0.116573218833774,0.901469708099252,1
"30425",0,0.29730859959261,0.699104806756321,1
"30428",0,-0.0927990650831594,0.885050093985728,1
"30434",0,-0.27296014339102,-0.0413262623689918,1
"30437",0,0.518491889632651,1.14168525806238,1
"30458",0,0.343094182767432,0.915056432674713,1
"30467",0,0.363213710910456,1,1
"30503",0,0.206821419292752,0.462302532947832,1
"30520",0,0.235929430459719,0.790805149749,1
"30582",0,-0.884023236046278,-0.216063830739868,1
"30594",0,0.951008655836818,0.973166883298353,1
"30597",0,0.300229931890781,1,1
"30599",0,1,0.974475726593336,1
"30600",0,0.976119517083672,0.719479186389678,1
"30606",0,0.193820350352606,0.976987980887255,1
"30611",0,0.288603352203485,0.952608737452276,1
"30613",0,0.73274363928998,1.00343872768982,1
"30619",0,0.727973562712842,1.01071148543803,1
"30620",0,0.71916228801379,1.01214201600309,1
"30625",0,0.203979366703722,0.652370852351056,1
"30672",0,0.109008026511146,0.911743268281909,1
"30693",0,-0.528846607897552,1,1
"30696",0,1,0.651476293960126,1
"30702",0,-0.68381629838071,0.638909928924862,1
"30714",0,-0.281347751009069,1.04712820941313,1
"30717",0,-0.128507943342743,0.902563555233218,1
"30722",0,-0.773663519825,0.851986014411397,1
"30742",0,0.0571117876318481,0.971801651455712,1
"30752",0,-0.106495452893899,0.956782170725163,1
"30758",0,0.133178511674988,0.85700953230492,1
"30808",0,0.761434190385819,1,1
"30819",0,0.853970743730974,1.12182408456247,1
"30831",0,0.212050140954061,0.777042781102597,1
"30840",0,-0.592190923800736,0.825654307732168,1
"30923",0,1,1,1
"30947",0,0.0441940880289516,1,1
"30959",0,0.562008243996162,0.931004334670004,1
"30974",0,0.362732355337409,0.991600929756399,1
"30975",0,-0.0460384252672893,1.08575930019749,1
"30976",0,0.462407369728215,1,1
"30977",0,0.36268047510307,0.735124159191353,1
"30996",0,0.474398757746598,1,1
"30999",0,0.150443575243947,0.970930963894352,1
"31031",0,0.0448664660821928,1,1
"31034",0,0.681467143952198,1,1
"31051",0,-0.0923519344722632,1,1
"31054",0,0.094515203445457,0.981640083875885,1
"31057",0,0.721279097414266,1,1
"31066",0,0.454146084458174,0.702011907838109,1
"31075",0,0.235929430459719,1,1
"31077",0,0.522639243254555,-0.04105251236621,1
"31079",0,0.235929430459719,0.582884862026951,1
"31093",0,-0.449036953969224,1,1
"31109",0,0.641793677813743,0.609268369109477,1
"31137",0,0.441111565679079,0.637987614944175,1
"31189",0,-0.273974071654399,0.537125948567494,1
"31240",0,0.0745288160105139,0.975108936761314,1
"31244",0,0.098464969612094,0.971091319429054,1
"31245",0,-0.123896722710385,1.02074476398008,1
"31254",0,0.0482853699148311,1.08575930019749,1
"31268",0,1,1,1
"31297",0,-0.131877549970403,0.931484181010863,1
"31300",0,0.0680872374103809,0.895902367725292,1
"31309",0,-0.121473318430895,0.675594190819841,1
"31337",0,0.560603676937278,1.00340732456477,1
"31344",0,0.241819428436583,0.929324243424201,1
"31369",0,0.475880273536077,0.415279631084566,1
"31384",0,0.401854665530016,0.850291194481016,1
"31400",0,0.160793387119551,0.974475726593336,1
"31409",0,0.0500269520481141,0.683491930429105,1
"31433",0,0.727138549682969,0.702011907838109,1
"31526",0,0.519371801913153,1.1068465262862,1
"31536",0,0.00228407227798351,0.976361489156565,1
"31537",0,0.982201874466301,1.18862390263369,1
"31538",0,-0.140813351482953,0.97319523303372,1
"31539",0,-0.265034153053218,0.923423827031523,1
"31541",0,-0.0786923457461436,0.895891834968327,1
"31554",0,0.840765935113794,1,1
"31563",0,0.648223287052633,0.810548701722777,1
"31582",0,-0.582518935350888,1.01313410639155,1
"31583",0,0.790396059948021,1,1
"31584",0,0.522232708546856,1,1
"31585",0,0.37060041409725,1,1
"31587",0,0.618056410674687,1,1
"31634",0,1,1,1
"31636",0,0.863634762833899,1,1
"31642",0,0.044892245571813,0.958417560938426,1
"31661",0,0.397593429774638,0.991205530308573,1
"31662",0,0.478839651067423,1,1
"31663",0,0.581857152228852,1,1
"31664",0,0.283473771099121,1,1
"31697",0,0.33517819488291,1,1
"31699",0,-0.0544812501000804,0.951130026045608,1
"31729",0,0.761434190385819,1,1
"31762",0,0.0450492808978284,1,1
"31785",0,-0.144870440213073,0.890766502917257,1
"31787",0,0.0597883075806881,0.952037417688862,1
"31788",0,-0.244541664525257,0.839711673959514,1
"31789",0,-0.0728048339278105,0.734821102184082,1
"31793",0,-0.270967690712874,1.03601029331879,1
"31794",0,-0.163466983576368,0.81884081406839,1
"31820",0,0.258724484466017,0.939555884830775,1
"31850",0,0.363672695144687,1,1
"31858",0,0.736344415030155,1,1
"31859",0,0.42077110416795,0.936770304982076,1
"31884",0,1,1,1
"31903",0,0.151091932339011,0.716222481359675,1
"31904",0,0.522152889565822,1,1
"31905",0,0.0444443293795414,1,1
"31910",0,0.402751907897889,1,1
"31911",0,0.588029571672665,1,1
"31947",0,1,0.738544081340733,1
"32008",0,0.915044542626489,0.995632772809886,1
"32020",0,0.774333572813977,1,1
"32021",0,0.624818192800801,0.804425083438418,1
"32023",0,0.150182117654723,0.71322300133027,1
"32035",0,0.0524657424092014,0.87588237639959,1
"32036",0,-0.0815616813481633,0.858400720988468,1
"32052",0,0.68168327562421,0.825654307732168,1
"32063",0,0.522639243254555,0.738544081340733,1
"32069",0,0.681989069027372,1,1
"32077",0,0.00461067823959222,0.954662665513473,1
"32103",0,0.338360892022236,1,1
"32108",0,0.522639243254555,0.738544081340733,1
"32165",0,0.140062702341669,1,1
"32174",0,-0.326473842105107,1.04584722434594,1
"32227",0,-0.273722968540332,1,1
"32258",0,0.396180474422644,0.931990877099248,1
"32260",0,-3.51734349109326,1,1
"32262",0,0.0667799267313935,0.744304850211871,1
"32270",0,0.681989069027372,1,1
"32272",0,0.327512001338141,0.99345819016913,1
"32281",0,-0.0889032697490681,0.830110536359189,1
"32283",0,0.446739623239335,1,1
"32284",0,0.452009967198413,1,1
"32285",0,0.0252276715187499,0.830883412835892,1
"32287",0,-0.285302809571774,1,1
"32313",0,-1.14980190236292,1,1
"32346",0,0.629567508834241,1.06617024763668,1
"32366",0,-0.337258993286848,1,1
"32383",0,0.250448947638153,0.962898525928151,1
"32386",0,0.290067042402984,0.952974054564655,1
"32389",0,-0.27296014339102,1,1
"32413",0,-0.167801328328984,1,1
"32414",0,0.575408634032749,1,1
"32417",0,-0.193745043212691,0.738544081340733,1
"32443",0,0.367489384353239,1,1
"32448",0,1,1,1
"32474",0,-0.591275686779983,0.305076040078068,1
"32489",0,0.761234096755946,0.609268369109477,1
"32558",0,0.362656581875357,0.801476646163017,1
"32583",0,0.266783303337386,0.788357853937568,1
"32602",0,0.347402054127993,0.985608853280892,1
"32645",0,0.363672695144687,0.305076040078068,1
"32648",0,0.269740340183971,0.958366129466963,1
"32649",0,0.299862148710406,0.913551162193922,1
"32650",0,0.608207688555076,0.995978048706377,1
"32651",0,0.938366868988079,1,1
"32688",0,0.835141727875764,0.989228390985306,1
"32707",0,1,1,1
"32715",0,0.476094598412242,0.951820288200364,1
"32730",0,0.223465038845139,1,1
"32739",0,0.0156201906140208,0.650019592143278,1
"32744",0,0.342907877572465,0.978197799825762,1
"32777",0,0.601895410178227,1,1
"32782",0,1,1,1
"32783",0,0.840803939382476,1,1
"32805",0,-0.409148936379568,0.454800872093727,1
"32814",0,0.203979366703722,0.825654307732168,1
"32834",0,0.164034008353472,0.739247167753672,1
"32873",0,0.363672695144687,0.651476293960126,1
"32909",0,0.362656581875357,0.631891118434921,1
"32952",0,0.713414617683234,1,1
"32959",0,0.0450492808978284,1,1
"32969",0,0.579507210947798,1,1
"32989",0,0.0447451708381859,0.825654307732168,1
