"","allData.X1_aerobic_t30_1_control","allData.X1_aerobic_t60_1_control","allData.X1_aerobic_t180_1_control","allData.X1_aerobic_t30_2_chlor","allData.X1_aerobic_t60_2_chlor","allData.X1_aerobic_t180_2_chlor","t30","t60","t180"
"aaaaaaatcgcgcttattat",4,1,5,3,8,3,0.609471294835127,3.45780989461074,0.551329907092256
"aaaaaagtgactatttccat",1,0,4,1,3,2,0.761839118543909,3.07360879520955,0.49619691638303
"aaaaaattatgggccgctcc",0,0,2,0,3,1,0.761839118543909,3.07360879520955,0.551329907092256
"aaaaactgtcttagtgtcag",16,4,15,6,30,14,0.313698460576904,4.7640936325748,0.775307681848484
"aaaaagcgcaagaaagttat",9,0,4,2,5,5,0.228551735563173,4.61041319281432,0.99239383276606
"aaaaagcgccgcaaataata",40,9,21,8,12,5,0.167232977241346,0.998922858443103,0.225544052901377
"aaaaagctgaacatcaaacc",10,0,3,2,6,2,0.20777430505743,5.37881539161671,0.620246145478787
"aaaaatatcggttcatcaaa",2,0,6,0,4,5,0.25394637284797,3.84201099401193,0.708852737690043
"aaaaatcagtacaacacccg",7,3,16,6,15,14,0.66660922872592,3.07360879520955,0.729701347622103
"aaaaccgccgcctggtcagg",10,1,17,12,11,14,0.900355321915529,4.61041319281432,0.689162383865319
"aaaagagataaataatgcga",2,0,1,0,6,2,0.25394637284797,5.37881539161671,1.24049229095757
"aaaagaggtggtgaatcgtc",2,3,11,5,22,15,1.52367823708782,4.41831264311372,1.10265981418451
"aaaagattcacaaatagctg",28,2,10,3,10,7,0.105081257730194,2.81747472894208,0.601450807737006
"aaaagcaattcaaaaaatat",6,0,1,1,3,0,0.217668319583974,3.07360879520955,0.413497430319192
"aaaagcatagcagacaggca",8,0,7,4,2,2,0.423243954746616,2.30520659640716,0.310123072739394
"aaaatagtgtcacctaagga",8,1,4,1,11,2,0.169297581898646,4.61041319281432,0.49619691638303
"aaaatattccggctagtata",0,1,1,1,4,0,1.52367823708782,1.92100549700597,0.413497430319192
"aaaatcccggtcagaagatc",0,0,2,2,5,3,2.28551735563173,4.61041319281432,1.10265981418451
"aaaatctctttaattacatt",3,0,4,1,1,1,0.380919559271954,1.53680439760477,0.330797944255353
"aaaatctttcagggcttgtg",14,2,9,6,12,5,0.355524921987157,3.32974286147701,0.49619691638303
"aaacaacaccgagtaagcga",9,0,14,1,3,9,0.152367823708782,3.07360879520955,0.551329907092255
"aaacaataatattgctaata",10,1,4,1,8,4,0.13851620337162,3.45780989461074,0.826994860638383
"aaaccaaattgaaaagattt",8,2,12,0,6,5,0.0846487909493232,1.79293846387224,0.381689935679254
"aaaccgggcatttatatgcc",0,0,1,0,4,0,0.761839118543909,3.84201099401193,0.413497430319192
"aaacggtgattttgaaaaat",14,1,14,10,13,9,0.558682020265533,5.37881539161671,0.551329907092255
"aaacgtcacggacagcgtat",0,0,9,0,0,1,0.761839118543909,0.768402198802387,0.165398972127677
"aaacgtttgaatacctcttc",8,5,14,3,13,7,0.338595163797293,1.79293846387224,0.441063925673804
"aaactgcgctttggcgatcc",30,1,36,20,36,24,0.516084564174906,14.2154406778442,0.558780311242151
"aaactttatgccatgtaccc",3,3,5,4,12,2,0.952298898179886,2.49730714610776,0.413497430319192
"aaagaaaaaatcggccagcc",31,4,15,12,20,12,0.309497141908463,3.22728923497002,0.671933324268686
"aaagaaaagtgaatttgaac",1,1,2,0,5,1,0.380919559271954,2.30520659640716,0.551329907092256
"aaagaacaagttcaaagtat",0,1,3,1,2,0,1.52367823708782,1.15260329820358,0.206748715159596
"aaagacagtctttatactgc",0,2,4,0,3,0,0.761839118543909,1.02453626506985,0.165398972127677
"aaagaggctaagaagaagta",5,0,1,2,2,0,0.380919559271954,2.30520659640716,0.413497430319192
"aaagagtaaaagcttgtaag",10,1,9,1,7,3,0.13851620337162,3.07360879520955,0.330797944255353
"aaagagtgtaaagactagtc",1,1,5,8,21,12,3.42827603344759,8.45242418682625,1.79182219804983
"aaagatcggcctgctggtgg",20,11,39,41,46,33,1.52367823708782,3.00957527864268,0.702945631542626
"aaagatgaaggaaaagccga",12,7,37,17,32,28,1.05485416413772,3.16965907005984,0.631127656802977
"aaagcaaaatgagtaaaatt",7,0,1,4,13,3,0.476149449089943,10.7576307832334,1.65398972127677
"aaaggaaccgtgattatgat",14,12,25,8,14,5,0.457103471126345,0.886617921695061,0.190844967839627
"aaaggggattgatagataaa",14,1,14,1,13,11,0.101578549139188,5.37881539161671,0.661595888510707
"aaagtatagtcggtcagtcc",4,0,2,1,1,0,0.304735647417563,1.53680439760477,0.275664953546128
"aaagtgaaaaaaagaaagac",4,0,4,1,2,1,0.304735647417563,2.30520659640716,0.330797944255353
"aaagttgctttatgaagttt",10,0,6,0,6,4,0.0692581016858099,5.37881539161671,0.590710614741702
"aaatacagcgaaaaattacc",22,4,17,10,10,4,0.364357839303609,1.69048483736525,0.229720794621773
"aaatgaaaacgtaaaaaggt",3,1,10,4,7,4,0.952298898179886,3.07360879520955,0.375906754835629
"aaatgccgaagcgacggcag",6,0,6,10,5,8,1.19717575771186,4.61041319281432,1.06327910653506
"aaattcatcagtgattaaaa",9,0,8,1,1,1,0.152367823708782,1.53680439760477,0.183776635697419
"aaatttcggtgcgatatcac",3,0,0,1,23,2,0.380919559271954,18.4416527712573,2.48098458191515
"aacaaaatagccattgcacc",7,0,5,0,6,5,0.0952298898179886,5.37881539161671,0.826994860638383
"aacaacatcaatacaaaagt",3,0,8,1,5,4,0.380919559271954,4.61041319281432,0.459441589243546
"aacaccagaccaggttaatg",10,0,6,2,14,19,0.20777430505743,11.5260329820358,2.36284245896681
"aacagatgccaatggccaac",12,4,3,5,14,1,0.351618054712573,2.30520659640716,0.413497430319192
"aacatttcattataattttt",0,1,5,0,1,0,0.761839118543909,0.768402198802387,0.137832476773064
"aaccacacgcagcagcgaca",0,0,2,0,1,0,0.761839118543909,1.53680439760477,0.275664953546128
"aaccactgctacacagtagc",51,22,68,45,58,39,0.673934604865766,1.97111868388438,0.479417310515005
"aacccatactttcacttcca",3,0,5,1,5,6,0.380919559271954,4.61041319281432,0.964827337411447
"aaccgcctcaggcaacatac",59,9,30,25,13,9,0.33013028470236,1.07576307832334,0.266772535689801
"aacgggtgtcgatatcatca",12,0,11,7,7,7,0.468824072950098,6.14721759041909,0.551329907092256
"aacggtcaggtgcagcattt",0,0,1,5,12,5,4.57103471126345,9.98922858443103,2.48098458191515
"aacgttatcggtgcaattgg",6,0,8,6,6,11,0.761839118543909,5.37881539161671,1.10265981418451
"aactaaatgttacctaagga",4,2,6,0,12,6,0.152367823708782,3.32974286147701,0.826994860638383
"aactccagttggttatttaa",11,3,6,2,4,1,0.190459779635977,0.960502748502983,0.236284245896681
"aactgaaatcccagcaaaat",5,5,10,7,10,3,1.01578549139188,1.40873736447104,0.300725403868503
"aactgaatttatgccagaaa",8,0,3,1,5,4,0.169297581898646,4.61041319281432,1.03374357579798
"aactggatcacgaaaataaa",6,2,11,3,6,5,0.435336639167948,1.79293846387224,0.413497430319192
"aacttaaagaaaccgtaagt",4,1,4,3,3,0,0.609471294835127,1.53680439760477,0.165398972127677
"aagaaaagctatcacactaa",11,8,14,8,7,2,0.571379338907932,0.683024176713233,0.165398972127677
"aagagtatgcagaaattcgc",0,0,4,2,3,2,2.28551735563173,3.07360879520955,0.49619691638303
"aagataaatgttgataatgc",4,3,4,3,12,2,0.609471294835127,2.49730714610776,0.49619691638303
"aagatgccccttcagctgac",37,5,34,39,52,39,0.801935914256746,6.78755275608775,0.945136983586724
"aagattccgcgtaagtatcg",19,8,21,8,7,3,0.342827603344759,0.683024176713233,0.150362701934252
"aagcacgcgttatggtgaag",14,6,28,23,31,24,1.21894258967025,3.51269576595377,0.712926603998606
"aagcataacttagactttca",7,3,15,5,13,10,0.571379338907932,2.68940769580835,0.568558966688889
"aagcattcgtcgtcaaaggg",15,0,4,4,12,14,0.238074724544971,9.98922858443103,2.48098458191515
"aagccttccggcacacctgc",0,0,4,8,2,1,6.85655206689518,2.30520659640716,0.330797944255353
"aaggacagctttcatccggt",4,0,8,8,12,8,1.37131041337904,9.98922858443103,0.826994860638383
"aaggcctcacgcactggcgc",0,0,14,8,5,8,6.85655206689518,4.61041319281432,0.49619691638303
"aagggtccccaaaactaatt",8,2,12,8,6,6,0.761839118543909,1.79293846387224,0.445304924959129
"aaggtgatttcattcacgca",33,9,36,14,36,26,0.336105493475254,2.84308813556883,0.603482736141523
"aaggttacaatcggtacagc",3,0,8,9,10,20,1.90459779635977,8.45242418682625,1.92965467482289
"aagtgaatacgtttgcgatg",9,3,19,6,12,11,0.533287382980736,2.49730714610776,0.49619691638303
"aagttaaaacaccattgtca",7,0,3,1,1,0,0.190459779635977,1.53680439760477,0.206748715159596
"aagttagccttagtgaatgt",0,2,5,1,6,1,1.52367823708782,1.79293846387224,0.275664953546128
"aataaacagaaggaaaaaac",1,1,4,3,2,0,1.52367823708782,1.15260329820358,0.165398972127677
"aataacataagagaatgcga",25,5,14,10,24,13,0.322316550153192,3.20167582834328,0.771861869929158
"aataagcaaaaataagtggt",3,3,5,2,14,3,0.571379338907932,2.88150824550895,0.551329907092256
"aataattcttaacccaaaat",7,1,7,0,2,0,0.0952298898179886,1.15260329820358,0.103374357579798
"aatatatctttaacaatctc",0,0,2,0,1,0,0.761839118543909,1.53680439760477,0.275664953546128
"aatatccgtttggtcgttac",0,0,2,0,3,0,0.761839118543909,3.07360879520955,0.275664953546128
"aatatctgctataggcacac",0,0,1,2,2,0,2.28551735563173,2.30520659640716,0.413497430319192
"aatcaaatattctgcccaag",3,1,4,3,9,2,0.761839118543909,3.84201099401193,0.49619691638303
"aatcaattggtcctatgcca",9,0,7,2,5,3,0.228551735563173,4.61041319281432,0.413497430319192
"aatcatgttgcaacgtacgc",10,9,22,24,35,14,1.73145254214525,2.76624791568859,0.53934447432938
"aatcattgcggcacacagca",5,0,16,2,3,8,0.380919559271954,3.07360879520955,0.437820808573262
"aatcttaatcgactgcacaa",5,0,2,3,4,2,0.507892745695939,3.84201099401193,0.826994860638383
"aatgataaacaggaaacacg",7,4,21,4,11,9,0.476149449089943,1.84416527712573,0.375906754835629
"aatgatggccggtcacagcc",5,0,7,7,8,8,1.01578549139188,6.91561978922148,0.930369218218181
"aatggcggtaatctgcaaac",6,0,2,2,6,3,0.326502479375961,5.37881539161671,1.10265981418451
"aatggctgcgagggaggctg",0,0,4,5,6,2,4.57103471126345,5.37881539161671,0.49619691638303
"aatgtgaattgtagctgacc",21,6,15,6,16,7,0.242403355900335,1.86611962566294,0.413497430319192
"aattacaattaggaaggaag",1,0,3,0,3,1,0.380919559271954,3.07360879520955,0.413497430319192
"aattccatcatgtttgtgtg",14,0,11,11,9,4,0.609471294835127,7.68402198802387,0.34458119193266
"aattgagatagcgcaaattt",0,0,3,2,5,4,2.28551735563173,4.61041319281432,1.03374357579798
"aattgcaatggtgttagctg",0,6,13,12,14,4,9.90390854107081,1.64657614029083,0.295355307370851
"aattgcttatcgttaaaaat",7,0,5,4,1,0,0.476149449089943,1.53680439760477,0.137832476773064
"aattgtttgaaagttttgac",2,0,3,0,2,0,0.25394637284797,2.30520659640716,0.206748715159596
"aatttcaccgcaggtcacct",4,3,15,5,10,8,0.91420694225269,2.11310604670656,0.465184609109091
"aatttccacccgatgcgctt",20,0,18,14,20,19,0.544170798959935,16.1364461748501,0.87052090593514
"aattttgcaggcagactatg",3,1,6,0,19,8,0.190459779635977,7.68402198802387,1.06327910653506
"aatttttctattgcggcctg",3,0,1,0,2,0,0.190459779635977,2.30520659640716,0.413497430319192
"acaaataaatacaagacaat",3,0,3,1,4,1,0.380919559271954,3.84201099401193,0.413497430319192
"acaaatcaaataattttgcc",0,3,4,1,5,0,1.52367823708782,1.15260329820358,0.165398972127677
"acaaggctcgacttgcaggc",11,13,69,65,69,50,4.1901151519915,3.84201099401193,0.602524827036536
"acaatttcgttttgcaaatt",8,1,2,2,5,1,0.25394637284797,2.30520659640716,0.551329907092256
"acacaatatatagcaaatag",4,1,3,2,6,1,0.457103471126345,2.68940769580835,0.413497430319192
"acacctcggaagcatttaag",5,1,2,2,5,1,0.380919559271954,2.30520659640716,0.551329907092256
"acagaccgcgcgcagtatcc",7,11,42,42,44,20,4.09488526217351,2.88150824550895,0.403881211009443
"acaggagatcctccactggt",0,0,3,0,1,0,0.761839118543909,1.53680439760477,0.206748715159596
"acagttccttgaagagttcg",0,1,9,3,7,7,3.04735647417563,3.07360879520955,0.661595888510707
"acattgcaaacctaatcctg",33,9,39,42,71,52,0.963502414629061,5.53249583137718,1.09576819034586
"accacctgcagcaccctggt",0,0,13,6,4,6,5.33287382980736,3.84201099401193,0.413497430319192
"accaggaagattacgtagaa",16,3,14,10,13,8,0.492954723763706,2.68940769580835,0.49619691638303
"acccttaacattcctggtac",9,0,16,5,13,13,0.457103471126345,10.7576307832334,0.681054591113963
"accgaaaaatgccacaatat",24,14,12,2,13,1,0.091420694225269,0.717175385548894,0.127229978559751
"accgaaaacaaatccaaatt",4,1,7,0,5,4,0.152367823708782,2.30520659640716,0.516871787898989
"accggcgcagtatcgccgcc",22,0,35,24,16,30,0.828085998417292,13.0628373796406,0.712134463327497
"accggctgaccaaagaacat",2,0,3,3,6,5,1.01578549139188,5.37881539161671,1.24049229095757
"acctcaatccaggatggaag",0,0,11,9,15,11,7.61839118543909,12.2944351808382,0.826994860638383
"acctctcattctgaccatac",34,36,29,23,26,4,0.522403967001537,0.560725928855796,0.137832476773064
"accttccttttcaatagtgg",3,0,28,8,14,5,1.71413801672379,11.5260329820358,0.171102384959666
"acctttaaaagcatggtcga",4,1,7,4,6,5,0.761839118543909,2.68940769580835,0.620246145478787
"acgatacaggaatatttaat",3,1,3,1,3,0,0.380919559271954,1.53680439760477,0.206748715159596
"acgccggcaggaacaacgac",0,0,2,4,6,1,3.80919559271954,5.37881539161671,0.551329907092256
"acgcctgccctatggtgttc",28,2,39,48,45,47,1.28724540719488,11.7821670483033,0.99239383276606
"acgccttcctgcacttttgc",13,0,3,6,6,1,0.380919559271954,5.37881539161671,0.413497430319192
"acgctgatggacagaattaa",4,0,6,0,5,6,0.152367823708782,4.61041319281432,0.826994860638383
"acggaaaaaaagcatgttac",0,0,1,0,2,0,0.761839118543909,2.30520659640716,0.413497430319192
"acgtcagtttcccgcagagg",16,9,36,21,22,18,0.985909447527411,1.76732505724549,0.424673036544035
"acgtgaaaggaacaaccaaa",23,8,31,22,27,20,0.730095821937913,2.39058461849631,0.542715377293939
"acgttgcctatactccaggc",0,2,6,9,12,3,7.61839118543909,3.32974286147701,0.472568491793362
"actaaaattcacgaattagc",2,2,6,0,9,4,0.25394637284797,2.56134066267462,0.590710614741702
"actaaatgatagatgtgatc",11,0,6,4,7,11,0.317432966059962,6.14721759041909,1.41770547538009
"actagtgtagccagccaata",7,0,3,4,5,3,0.476149449089943,4.61041319281432,0.826994860638383
"actatatttttttgcctgtc",7,0,2,0,5,2,0.0952298898179886,4.61041319281432,0.826994860638383
"actatgttacgtgctgtaac",5,0,4,8,5,4,1.14275867781586,4.61041319281432,0.826994860638383
"actctttttcaaagcccgga",0,0,4,3,7,6,3.04735647417563,6.14721759041909,1.15779280489374
"actggctaccgccagaccgg",0,0,5,3,5,3,3.04735647417563,4.61041319281432,0.551329907092256
"actttcagcccggcaacttg",0,0,1,5,2,0,4.57103471126345,2.30520659640716,0.413497430319192
"actttgcagggatgataata",7,7,17,0,10,3,0.0952298898179886,1.05655302335328,0.183776635697419
"actttgtggataactcagga",12,9,15,3,31,10,0.234412036475049,2.45888703616764,0.568558966688889
"agaaaccctggaagaagaaa",0,1,7,0,2,1,0.761839118543909,1.15260329820358,0.206748715159596
"agaaaccgtatacgccgcag",8,9,31,7,25,14,0.677190327594586,1.99784571688621,0.387653840924242
"agaaatgcataatgacagag",0,1,3,1,2,0,1.52367823708782,1.15260329820358,0.206748715159596
"agaagatggcgtgaatatct",0,2,1,1,6,0,1.52367823708782,1.79293846387224,0.413497430319192
"agaagcttcggctggcaaac",9,11,26,7,31,15,0.609471294835127,2.0490725301397,0.490071028526449
"agaatggtaacattttatcg",1,0,0,2,4,0,1.14275867781586,3.84201099401193,0.826994860638383
"agaatgtttaaagatgtcac",3,0,0,3,4,0,0.761839118543909,3.84201099401193,0.826994860638383
"agaccagacggggggcgaaa",28,25,43,38,43,16,1.02454226286939,1.30037295181942,0.319520741610284
"agagatcgaaatctacaaac",12,0,5,0,2,2,0.0586030091187622,2.30520659640716,0.413497430319192
"agaggagttgatgagagtag",15,10,35,12,28,13,0.618994283816926,2.02578761502447,0.321609112470482
"agaggccagagagtattatc",0,0,5,0,3,1,0.761839118543909,3.07360879520955,0.275664953546128
"agagtccacccaatgaccag",11,3,16,16,26,5,1.07927208460387,5.18671484191611,0.291880539048841
"agataacctttcattcctcc",16,4,32,9,17,14,0.448140657967005,2.76624791568859,0.375906754835629
"agatatcggtaatcttttga",0,2,8,1,7,4,1.52367823708782,2.0490725301397,0.459441589243546
"agatccatgtgcgacccagc",0,0,2,4,6,1,3.80919559271954,5.37881539161671,0.551329907092256
"agattaaatgatagtcgggg",0,1,7,3,6,3,3.04735647417563,2.68940769580835,0.413497430319192
"agattacattgaaaactgga",12,0,2,3,9,5,0.234412036475049,7.68402198802387,1.65398972127677
"agattattgagtgtatataa",1,0,1,0,2,0,0.380919559271954,2.30520659640716,0.413497430319192
"agattccgcgtaagtatcgc",24,8,30,9,21,10,0.304735647417563,1.87831648596139,0.293449789258781
"agcaaatcaatacacttcag",43,8,27,13,31,20,0.242403355900335,2.73209670685293,0.620246145478788
"agcaacaacttcaaagtttt",4,0,7,4,8,9,0.761839118543909,6.91561978922148,1.03374357579798
"agcaagggctttcagacccg",8,0,3,8,9,7,0.761839118543909,7.68402198802387,1.65398972127677
"agcaatccgtgatttaagca",8,0,4,2,11,5,0.25394637284797,9.22082638562864,0.99239383276606
"agcatagcaccttaaagcgt",33,25,67,44,39,16,1.00831648042576,1.18215722892675,0.206748715159596
"agcatttcagatattatcgc",19,3,11,8,12,6,0.342827603344759,2.49730714610776,0.482413668705724
"agccaattatcaaaagtctc",4,0,4,4,4,3,0.761839118543909,3.84201099401193,0.661595888510707
"agccatttcaaacattatca",5,0,4,2,3,2,0.380919559271954,3.07360879520955,0.49619691638303
"agccccagtaaagtattctg",33,5,19,12,7,5,0.291291427678553,1.02453626506985,0.248098458191515
"agccgtcaagttgtcataat",1,4,10,4,6,0,1.90459779635977,1.07576307832334,0.0751813509671258
"agcctcggcgcactgactgg",36,5,33,43,40,47,0.905970843673838,5.25074835848298,1.16752215619536
"agcctggctggagaactggc",34,9,52,17,36,34,0.391802975251153,2.84308813556883,0.546128681553649
"agcgccaccagatgtttaac",21,1,17,22,24,27,0.796468169386814,9.60502748502983,1.28643644988193
"agcggggcggttgtcaacga",59,11,60,38,43,38,0.495195427053541,2.81747472894208,0.528734419096671
"agcggtaaaattcgtgtaat",6,0,3,0,1,0,0.108834159791987,1.53680439760477,0.206748715159596
"agctgcgcgcggagttgttc",0,0,0,0,8,1,0.761839118543909,6.91561978922148,1.65398972127677
"agcttatgtttataaaaaaa",0,0,2,0,1,0,0.761839118543909,1.53680439760477,0.275664953546128
"aggaaagcccggtgaggccc",0,0,2,1,1,0,1.52367823708782,1.53680439760477,0.275664953546128
"aggaactggctgtgcattat",9,6,26,8,23,18,0.685655206689518,2.63452182446533,0.581959346375159
"aggacagttgcctacctacc",13,12,52,31,47,38,1.74134655667179,2.8371773494242,0.608543388016924
"aggactgaactgtaaaatat",0,0,7,2,1,2,2.28551735563173,1.53680439760477,0.310123072739394
"aggattatcgctaaactatg",3,3,5,0,2,0,0.190459779635977,0.57630164910179,0.137832476773064
"aggattctacccttttgaca",6,4,18,2,14,8,0.326502479375961,2.30520659640716,0.391734407670813
"aggcgcaaaccgatggcaaa",0,0,0,0,4,0,0.761839118543909,3.84201099401193,0.826994860638383
"agggctttccagctaaaaag",13,11,40,13,27,14,0.761839118543909,1.79293846387224,0.302559095355506
"aggggtggttgtcagattaa",5,1,11,5,6,2,0.761839118543909,2.68940769580835,0.206748715159596
"agggtcatcgtttactttat",0,0,3,1,1,0,1.52367823708782,1.53680439760477,0.206748715159596
"agggtgattttatttttgcc",4,1,4,1,4,1,0.304735647417563,1.92100549700597,0.330797944255353
"aggtaattcaccatttttgc",15,0,5,1,3,3,0.0952298898179886,3.07360879520955,0.551329907092256
"aggtattgacccttgacgcc",18,0,5,1,9,8,0.0801935914256746,7.68402198802387,1.24049229095757
"aggtgccgtattcatgggat",0,2,20,4,10,12,3.80919559271954,2.81747472894208,0.511949199442809
"aggttaaatcttggtttata",0,0,1,0,2,0,0.761839118543909,2.30520659640716,0.413497430319192
"aggttcaataaatttgtcat",6,3,10,2,7,4,0.326502479375961,1.53680439760477,0.375906754835629
"agtaattgaaccaccaactc",11,1,13,9,18,15,0.634865932119924,7.29982088862267,0.945136983586724
"agtagacactaaacaaaaat",1,0,5,1,5,2,0.761839118543909,4.61041319281432,0.413497430319192
"agtattacaggagaattaag",6,1,9,1,6,5,0.217668319583974,2.68940769580835,0.49619691638303
"agtcagagggctggacagtg",18,3,38,18,12,26,0.761839118543909,2.49730714610776,0.572534903518881
"agtcagttgatcgttgattt",2,0,5,4,5,7,1.26973186423985,4.61041319281432,1.10265981418451
"agtgaaattctgtttgccca",16,2,11,13,21,12,0.627396921153807,5.63494945788417,0.895911099024915
"agtgaaattttgctcgagca",15,5,11,6,14,4,0.33330461436296,1.92100549700597,0.34458119193266
"agtgatttgcgtcacattca",14,2,13,1,11,8,0.101578549139188,3.07360879520955,0.531639553267532
"agtgctgggccacctcggtc",4,3,30,15,17,14,2.43788517934051,3.45780989461074,0.400158803534702
"agtggaatttgcccaacagc",10,1,12,10,9,7,0.761839118543909,3.84201099401193,0.508919914239005
"agtggctgaatcgttaagga",11,12,21,17,40,13,1.14275867781586,2.42342231929983,0.52626945676988
"agtgtagcacaggggaaggg",18,18,52,36,36,16,1.48358144137498,1.49636217661517,0.265262502468915
"agttcttctcccgctcgcaa",10,1,10,12,6,5,0.900355321915529,2.68940769580835,0.451088105802755
"agttgggtaatgcgttctaa",43,12,39,12,39,19,0.225088830478882,2.3643144578535,0.413497430319192
"agtttgtcctgttttaaggc",42,7,38,21,30,29,0.389778153673628,2.97755852035925,0.636149892798756
"ataaaaggtaaccagcgcaa",10,3,11,12,26,12,0.900355321915529,5.18671484191611,0.895911099024915
"ataaaataaatatggtctaa",0,0,2,0,1,0,0.761839118543909,1.53680439760477,0.275664953546128
"ataaatattcccgcttgcag",0,0,1,0,3,0,0.761839118543909,3.07360879520955,0.413497430319192
"ataaatgatactcactctca",0,2,3,0,7,0,0.761839118543909,2.0490725301397,0.206748715159596
"ataaccaattttctctttaa",1,3,8,2,10,4,1.14275867781586,2.11310604670656,0.459441589243546
"ataagcttgggcttagcaag",5,1,2,3,8,1,0.507892745695939,3.45780989461074,0.551329907092256
"ataatattgcgccgtcagtt",8,5,9,7,14,4,0.677190327594586,1.92100549700597,0.413497430319192
"ataattaaaggttatgcaac",1,0,1,0,2,0,0.380919559271954,2.30520659640716,0.413497430319192
"atacattgcagaattttcgt",3,0,7,2,6,8,0.571379338907932,5.37881539161671,0.930369218218181
"ataccagagaatgaacatac",16,5,28,8,15,14,0.403326592170305,2.0490725301397,0.427755962399164
"atacgatgttaacgcgtgag",3,0,6,6,4,5,1.33321845745184,3.84201099401193,0.708852737690043
"atacggtaaatagtgcgtta",9,1,8,7,14,14,0.609471294835127,5.7630164910179,1.37832476773064
"atactagcgtcagttgatag",8,0,3,5,7,6,0.507892745695939,6.14721759041909,1.44724100611717
"atactcgacacctgctttac",9,1,20,10,15,12,0.8380230303983,6.14721759041909,0.511949199442809
"atagaaagagtttgtagtcg",3,1,7,2,7,2,0.571379338907932,3.07360879520955,0.310123072739394
"atagaactcatcaaggttat",38,14,23,3,10,3,0.078137345491683,0.563494945788417,0.137832476773064
"atagaatcaagtagcctaca",0,0,2,0,2,0,0.761839118543909,2.30520659640716,0.275664953546128
"atagataagcacaatcgccg",20,4,16,4,15,6,0.181390266319978,2.45888703616764,0.340527295556981
"atagccttaggagttgatcc",1,1,5,1,14,9,0.761839118543909,5.7630164910179,1.37832476773064
"ataggtgaagaagaaaaacg",2,4,11,5,15,6,1.52367823708782,2.45888703616764,0.482413668705724
"atagtggcgtcttcaattca",0,0,6,0,0,0,0.761839118543909,0.768402198802387,0.11814212294834
"atagtttccagtaagtattc",1,1,6,0,1,0,0.380919559271954,0.768402198802387,0.11814212294834
"atataaaattcataaccaca",3,1,5,0,4,1,0.190459779635977,1.92100549700597,0.275664953546128
"atataaactcacctttgtaa",0,0,1,1,2,0,1.52367823708782,2.30520659640716,0.413497430319192
"atataccgacaacagtgacc",23,7,25,16,33,24,0.539636042301935,3.26570934491014,0.795187365998446
"atatcatttcacgatgattt",0,0,1,1,2,0,1.52367823708782,2.30520659640716,0.413497430319192
"atattaagcgggctaatttg",1,0,9,0,5,2,0.380919559271954,4.61041319281432,0.248098458191515
"atattaaggctaagcgtgcg",5,3,14,3,5,4,0.507892745695939,1.15260329820358,0.275664953546128
"atattcaacaacactatttg",22,4,20,4,15,9,0.165617199683458,2.45888703616764,0.393807076494468
"atattcaggtagaaaactgg",3,2,4,0,9,1,0.190459779635977,2.56134066267462,0.330797944255353
"atattgtagcaactccgaaa",6,3,5,3,3,0,0.435336639167948,0.768402198802387,0.137832476773064
"atatttacagtgaaaaagac",5,1,8,2,7,5,0.380919559271954,3.07360879520955,0.551329907092255
"atatttataacggacgtgaa",7,0,5,1,6,4,0.190459779635977,5.37881539161671,0.689162383865319
"atattttcgcctaacgtcag",8,0,5,5,9,5,0.507892745695939,7.68402198802387,0.826994860638383
"atcaaaagtacattgttcaa",5,2,11,2,7,4,0.380919559271954,2.0490725301397,0.34458119193266
"atcacgcttcgcgcggtgtc",4,1,3,4,10,1,0.761839118543909,4.22621209341313,0.413497430319192
"atcactctggcaaggatgtt",3,1,1,2,5,0,0.571379338907932,2.30520659640716,0.413497430319192
"atcagacaaatgactatatg",0,0,2,0,1,0,0.761839118543909,1.53680439760477,0.275664953546128
"atcagggtaactcatagaaa",11,4,18,3,13,9,0.25394637284797,2.15152615664668,0.43526045296757
"atcatcagtcgcagcgcatc",33,10,52,57,52,44,1.29960790810432,3.70230150332059,0.702165447711835
"atcatctgaaggatatttgg",36,8,25,14,39,24,0.30885369670699,3.41512088356616,0.795187365998446
"atcccaataattaagttatt",1,0,2,0,3,1,0.380919559271954,3.07360879520955,0.551329907092256
"atcgacggtctgttggacgc",0,3,12,12,15,9,9.90390854107081,3.07360879520955,0.636149892798756
"atctacaggcatatttagca",0,0,2,0,4,0,0.761839118543909,3.84201099401193,0.275664953546128
"atctgaaggatatttggggg",10,3,24,10,15,10,0.761839118543909,3.07360879520955,0.363877738680889
"atctgcgaggaatatactta",28,11,31,9,31,14,0.262703144325486,2.0490725301397,0.387653840924242
"atcttatccagacccatctt",10,10,34,14,19,13,1.03887152528715,1.39709490691343,0.330797944255353
"atcttcctgaacgccttctt",5,0,3,1,7,1,0.25394637284797,6.14721759041909,0.413497430319192
"atcttcgtgcgtttgtaggc",6,3,22,12,24,21,1.41484407729583,4.80251374251492,0.791038562349758
"atgaaaaccggtattattat",2,0,2,0,2,0,0.25394637284797,2.30520659640716,0.275664953546128
"atgaaagccagcacctcttc",8,2,4,2,2,0,0.25394637284797,0.768402198802387,0.165398972127677
"atgaccaatgcccagttact",7,2,10,3,3,1,0.380919559271954,1.02453626506985,0.150362701934252
"atgaggatgattacgttttt",9,0,10,3,8,7,0.304735647417563,6.91561978922148,0.601450807737006
"atgataaaaccgatagccac",0,3,6,3,4,0,3.04735647417563,0.960502748502983,0.11814212294834
"atgatgacagagtgtccagt",19,9,9,12,16,1,0.495195427053541,1.30628373796406,0.165398972127677
"atgattgatgaaaaaaaaag",2,5,11,1,9,0,0.507892745695939,1.28067033133731,0.068916238386532
"atgatttcggtctatcgtga",3,0,8,6,3,6,1.33321845745184,3.07360879520955,0.643218224940965
"atgcgccccgcttcccgata",4,3,18,20,21,10,3.19972429788442,4.22621209341313,0.478786498264327
"atggctacttttgcatcacc",23,0,19,17,14,14,0.571379338907932,11.5260329820358,0.620246145478788
"atgggtttggctatgtggca",0,1,2,0,3,0,0.761839118543909,1.53680439760477,0.275664953546128
"atggtcgatgttgatcgtca",13,2,15,13,13,11,0.761839118543909,3.58587692774447,0.620246145478787
"atgtaatagatattacggac",4,0,2,3,4,2,0.609471294835127,3.84201099401193,0.826994860638383
"atgtttacctatgaaggtct",0,0,3,0,3,2,0.761839118543909,3.07360879520955,0.620246145478787
"atgtttgtcatctggagcca",14,3,13,2,13,9,0.152367823708782,2.68940769580835,0.590710614741702
"attaaaggtggtgtaatccc",0,2,7,0,5,0,0.761839118543909,1.53680439760477,0.103374357579798
"attaatgcttcattgtcacc",31,6,25,14,40,18,0.357112086817457,4.50064145012826,0.604342398158819
"attacaggcataaatctatg",4,1,6,0,6,2,0.152367823708782,2.68940769580835,0.354426368845021
"attagcgttgccacccgatc",11,0,10,5,3,7,0.380919559271954,3.07360879520955,0.601450807737006
"attatggatgtgtaaacatc",10,1,8,2,6,3,0.20777430505743,2.68940769580835,0.367553271394837
"attattctttacgccctgct",0,0,2,0,6,3,0.761839118543909,5.37881539161671,1.10265981418451
"attcaaaaaaaagtggaaat",9,0,9,5,5,3,0.457103471126345,4.61041319281432,0.330797944255353
"attcacccttgatttcacgc",27,8,27,21,34,16,0.598587878855928,2.98823077312039,0.502104022530447
"attcactttttctacgaatc",11,0,11,4,3,8,0.317432966059962,3.07360879520955,0.620246145478787
"attcaggtgactgagttaac",12,1,14,19,24,24,1.17206018237524,9.60502748502983,1.37832476773064
"attcccaatctgtattcttc",5,1,2,1,3,0,0.25394637284797,1.53680439760477,0.275664953546128
"attccgcacactattgtgct",10,7,35,6,18,10,0.484806711800669,1.82495522215567,0.25269287408395
"attctatcgattttgatttt",9,1,8,2,9,4,0.228551735563173,3.84201099401193,0.459441589243546
"attctccatttttagcctac",18,4,9,2,8,0,0.120290387138512,1.3831239578443,0.0826994860638383
"attcttggatttatcatcgg",19,0,13,11,8,3,0.457103471126345,6.91561978922148,0.236284245896681
"attgaaaaataaatctctct",0,0,2,0,4,2,0.761839118543909,3.84201099401193,0.826994860638383
"attgatactatcatgaccag",13,1,16,9,15,18,0.544170798959935,6.14721759041909,0.924288373654664
"attgatcgattgtgaaaaac",14,0,2,5,12,5,0.304735647417563,9.98922858443103,1.65398972127677
"attgcatattgtcccgttag",10,0,6,1,4,2,0.13851620337162,3.84201099401193,0.354426368845021
"attgcctcgaccttcgtcaa",53,5,31,35,37,36,0.507892745695939,4.86654725908178,0.956212807613131
"attggtaatggagtcgtagt",0,0,3,7,5,3,6.09471294835127,4.61041319281432,0.826994860638383
"attgtaccctggttaagcct",15,1,6,2,15,0,0.142844834726983,6.14721759041909,0.11814212294834
"atttaataacattagaccgc",8,1,5,4,11,4,0.423243954746616,4.61041319281432,0.689162383865319
"atttacgtaacaacgtcgca",3,5,10,8,21,5,1.71413801672379,2.81747472894208,0.451088105802755
"atttcaataggttaatcaat",2,1,4,0,1,0,0.25394637284797,0.768402198802387,0.165398972127677
"atttcatgccgtttttcccc",10,6,16,13,15,8,0.969613423601339,1.75634788297688,0.437820808573262
"atttcgcaaaaatctgcggg",21,4,26,15,32,16,0.554064813486479,5.07145451209575,0.520700467809353
"atttggtcagcaattttgtc",0,0,3,5,8,3,4.57103471126345,6.91561978922148,0.826994860638383
"attttaaagacaatcagaaa",8,0,6,1,5,2,0.169297581898646,4.61041319281432,0.354426368845021
"attttagaaatagaaattgc",4,0,1,0,2,0,0.152367823708782,2.30520659640716,0.413497430319192
"attttatcagtcacattggt",2,0,2,0,2,1,0.25394637284797,2.30520659640716,0.551329907092256
"attttccaataaatagaggt",0,1,2,1,2,0,1.52367823708782,1.15260329820358,0.275664953546128
"attttctctggcaaacatcc",0,0,2,2,3,0,2.28551735563173,3.07360879520955,0.275664953546128
"atttttgatagttcatcctg",19,1,8,3,28,6,0.152367823708782,11.1418318826346,0.643218224940965
"attttttgggctaacaaaac",6,0,5,0,5,6,0.108834159791987,4.61041319281432,0.964827337411447
"atttttttcacccgtaaagc",1,1,3,2,2,0,1.14275867781586,1.15260329820358,0.206748715159596
"caaaaagttgacgcctacgc",22,9,26,25,26,12,0.861209438353984,2.07468593676644,0.39818271067774
"caaaagcgtcggttttttca",0,0,11,0,3,3,0.761839118543909,3.07360879520955,0.275664953546128
"caaaatcgatattgtccgca",5,0,11,8,9,12,1.14275867781586,7.68402198802387,0.895911099024915
"caaacaataccacggcgaaa",31,14,45,30,18,2,0.738031646089412,0.973309451816356,0.053934447432938
"caaagcgtacaaccgcgaac",6,5,24,51,48,39,5.65937630918332,6.27528462355282,1.32319177702141
"caaagtcctggtcagaagta",31,4,28,14,22,27,0.357112086817457,3.53465011449098,0.798477796478439
"caaatatacgataatgaaac",16,9,14,8,17,5,0.403326592170305,1.3831239578443,0.330797944255353
"caaatatactgtgaagactt",22,3,28,6,9,12,0.231864079556842,1.92100549700597,0.370721834079275
"caaatcaatacacttcaggg",9,1,13,5,6,5,0.457103471126345,2.68940769580835,0.354426368845021
"caacatcacagaaatgtacc",19,13,47,25,28,14,0.990390854107081,1.5916902689478,0.258435893949495
"caacattcatggtctgttgg",5,0,4,1,4,4,0.25394637284797,3.84201099401193,0.826994860638383
"caacttttagagcactatcg",3,0,5,7,11,5,1.52367823708782,9.22082638562864,0.826994860638383
"caagcaaaaacaatatatgc",12,2,12,9,11,11,0.586030091187622,3.07360879520955,0.763379871358508
"caagcccaggcacaacgcag",22,0,24,19,21,25,0.662468798733834,16.9048483736525,0.860074655063919
"caatatcaatagcgtagaga",4,2,4,2,7,2,0.457103471126345,2.0490725301397,0.49619691638303
"caatcagtgcaaccaggccc",4,1,13,13,10,11,2.13314953192294,4.22621209341313,0.708852737690043
"caatgacgccgcacacagca",6,0,4,8,7,8,0.979507438127883,6.14721759041909,1.48859074914909
"caatgatgacctggcagggc",19,5,28,28,27,28,1.10466672188867,3.58587692774447,0.826994860638383
"caatgtatgttccccaatgg",3,3,13,5,15,11,1.14275867781586,3.07360879520955,0.708852737690043
"caatgttgtagtgtagaatg",5,0,2,1,1,0,0.25394637284797,1.53680439760477,0.275664953546128
"caattcgatcatggataaat",3,0,8,5,7,7,1.14275867781586,6.14721759041909,0.735106542789674
"cacaactcccctcgcctgaa",0,0,14,8,14,13,6.85655206689518,11.5260329820358,0.771861869929158
"cacaggaattaatcttttca",17,3,21,6,13,10,0.296270768322631,2.68940769580835,0.413497430319192
"cacataatggtgactcaagg",8,7,33,19,31,20,1.69297581898646,3.07360879520955,0.510790943335472
"cacattctgtttatcgcttc",4,2,16,6,12,12,1.06657476596147,3.32974286147701,0.632407834605823
"caccagcttccttgccgatc",3,1,19,16,26,16,3.23781625381161,10.3734296838322,0.702945631542626
"caccattataaaaacaaagc",1,0,4,0,4,1,0.380919559271954,3.84201099401193,0.330797944255353
"cacccccttgcttcatcgtt",15,3,26,27,20,26,1.33321845745184,4.03411154371253,0.826994860638383
"cacgttaagcgtgtatacct",1,0,2,2,7,1,1.14275867781586,6.14721759041909,0.551329907092256
"cactatgcaaattaattaca",1,0,4,1,2,1,0.761839118543909,2.30520659640716,0.330797944255353
"cactttcccttttctccact",28,8,38,29,35,26,0.788109432976457,3.07360879520955,0.572534903518881
"cactttttttcaacgtttcc",0,0,3,3,9,8,3.04735647417563,7.68402198802387,1.86073843643636
"cagactgaaatcgtgctgaa",14,0,10,11,12,9,0.609471294835127,9.98922858443103,0.751813509671257
"cagagaaacttcccgctcag",0,0,3,10,4,2,8.380230303983,3.84201099401193,0.620246145478787
"cagatagctaacgaatcata",2,1,8,2,1,1,0.761839118543909,0.768402198802387,0.183776635697419
"cagatgcgtgcataacgtgt",6,1,10,14,10,5,1.6325123968798,4.22621209341313,0.451088105802755
"cagattagaaattctgtatt",0,0,2,1,1,0,1.52367823708782,1.53680439760477,0.275664953546128
"cagatttttttatctcctga",11,2,8,3,6,3,0.25394637284797,1.79293846387224,0.367553271394837
"cagcaagcagccgctgaacg",63,20,92,74,59,52,0.892780217043643,2.1954348537211,0.471298146385315
"cagcacaacatcaatttatc",5,0,1,1,4,1,0.25394637284797,3.84201099401193,0.826994860638383
"cagccagctgtctcagttta",0,4,9,6,8,0,5.33287382980736,1.3831239578443,0.0826994860638383
"cagcgccagtgggaataaac",16,4,38,28,24,43,1.29960790810432,3.84201099401193,0.933019842771509
"cagcgtgcgcgacaaacgat",4,0,14,16,40,106,2.59025300304929,31.5044901508979,5.89923000588713
"caggacaaataaatatatcc",11,5,15,8,13,5,0.571379338907932,1.79293846387224,0.310123072739394
"caggcaatgcatggcgctcg",0,0,2,2,2,0,2.28551735563173,2.30520659640716,0.275664953546128
"caggcattacgagtagcatt",0,2,12,29,20,20,22.8551735563173,5.37881539161671,1.33591477487739
"cagggataagccgatacaac",14,4,21,14,36,25,0.761839118543909,5.68617627113766,0.977357562572635
"cagggcaaaagtcagcatac",0,0,4,1,9,2,1.52367823708782,7.68402198802387,0.49619691638303
"caggtatagcagataaagag",17,2,18,6,9,13,0.296270768322631,2.56134066267462,0.609364634154598
"cagtatgacgatagcaatat",23,2,16,4,10,12,0.158716483029981,2.81747472894208,0.632407834605823
"cagtattggggaaaaatcat",0,0,5,1,2,1,1.52367823708782,2.30520659640716,0.275664953546128
"cagtcgctcgatccgcgccc",1,5,17,11,7,4,4.57103471126345,1.02453626506985,0.229720794621773
"cagtgagtcctttaatgtca",14,3,14,7,12,8,0.406314196556751,2.49730714610776,0.49619691638303
"cagttaaccaccaaacagac",3,3,12,14,11,8,2.85689669453966,2.30520659640716,0.572534903518881
"cataaacggcggaggctaac",36,7,39,33,50,50,0.700068379202511,4.89856401736521,1.05441844731394
"cataatccagaccatcgaga",21,4,29,39,41,49,1.3851620337162,6.45457846994005,1.37832476773064
"catatgttatagaaacagcc",1,1,5,1,4,2,0.761839118543909,1.92100549700597,0.413497430319192
"catatttccctctggtcatt",13,1,8,5,5,4,0.326502479375961,2.30520659640716,0.459441589243546
"catcaacaccaaaataaaac",0,0,3,0,1,0,0.761839118543909,1.53680439760477,0.206748715159596
"catcaagctatttgccgaaa",10,1,18,22,23,34,1.59293633877363,9.22082638562864,1.5234115853865
"catcaatataaacaccctcc",7,0,3,3,5,2,0.380919559271954,4.61041319281432,0.620246145478787
"catgatggcgactataatag",2,0,2,0,1,0,0.25394637284797,1.53680439760477,0.275664953546128
"catgtacctaaatacatttt",1,2,9,2,12,5,1.14275867781586,3.32974286147701,0.49619691638303
"catgtcgtcgataaaaaaag",17,11,28,16,27,13,0.719514723069247,1.79293846387224,0.39923889823922
"cattaatttacagagtttgt",2,2,6,3,10,0,1.01578549139188,2.81747472894208,0.11814212294834
"cattgaatttattcaagttt",2,0,5,0,5,2,0.25394637284797,4.61041319281432,0.413497430319192
"cattttatcagtcacattgg",3,1,8,5,10,3,1.14275867781586,4.22621209341313,0.367553271394837
"ccaacaacattcagtacgcg",0,0,4,2,10,9,2.28551735563173,8.45242418682625,1.65398972127677
"ccaattttagtttaggttcc",0,0,8,1,2,2,1.52367823708782,2.30520659640716,0.275664953546128
"ccacagactgtatgccacct",15,0,15,18,16,19,0.904683953270892,13.0628373796406,1.03374357579798
"ccagactacgggatacgcgc",19,0,6,5,3,3,0.228551735563173,3.07360879520955,0.472568491793362
"ccagataaaatattgcaaaa",26,8,27,10,30,21,0.310378900147518,2.64671868476378,0.649781676215873
"ccagatgtgcgacaaaatgc",10,0,11,2,6,8,0.20777430505743,5.37881539161671,0.620246145478787
"ccagcggttatccaaaaaac",0,0,7,7,7,5,6.09471294835127,6.14721759041909,0.620246145478787
"ccaggacacgctgtacggta",0,0,22,12,14,20,9.90390854107081,11.5260329820358,0.755082264061133
"ccaggttgtcatgtccgata",0,1,12,5,11,7,4.57103471126345,4.61041319281432,0.508919914239005
"ccagtatttgaaccgctgcc",6,0,5,5,4,2,0.653004958751922,3.84201099401193,0.413497430319192
"ccagtttctcttcttttaca",0,0,3,2,6,2,2.28551735563173,5.37881539161671,0.620246145478787
"ccataaaaataaacgcttta",2,0,10,1,6,5,0.507892745695939,5.37881539161671,0.451088105802755
"ccataatgcgggcggttgcc",13,2,34,25,36,34,1.41484407729583,9.4769604518961,0.826994860638383
"ccatattctgagcatactgc",18,0,6,5,8,7,0.240580774277024,6.91561978922148,0.945136983586724
"ccatctgggagactttttca",0,0,2,6,5,1,5.33287382980736,4.61041319281432,0.551329907092256
"ccattaaaaaggctcgccgt",0,0,4,0,36,1,0.761839118543909,28.4308813556883,0.330797944255353
"ccattagtgattcactggcc",7,0,6,4,5,5,0.476149449089943,4.61041319281432,0.708852737690043
"ccattccgacaacagaatcc",3,1,6,7,4,2,1.52367823708782,1.92100549700597,0.354426368845021
"ccattcttccttatcagggt",6,1,11,10,14,15,1.19717575771186,5.7630164910179,1.10265981418451
"ccatttaattcgataagcac",0,2,6,2,11,3,2.28551735563173,3.07360879520955,0.472568491793362
"cccgaacgcgcacaggcgct",1,3,17,12,6,5,4.95195427053541,1.34470384790418,0.275664953546128
"cccgacccatgaaaaccaac",1,1,17,17,15,18,6.85655206689518,6.14721759041909,0.872939019562738
"cccgatgattgttatcgtct",11,0,6,6,3,4,0.444406152483947,3.07360879520955,0.590710614741702
"cccgccgagccagcgcttgc",15,0,8,17,16,9,0.857069008361897,13.0628373796406,0.918883178487092
"cccgcgatttttcaatttgg",11,0,3,1,3,1,0.126973186423985,3.07360879520955,0.413497430319192
"cccggacggcgacgtcacgg",23,3,17,12,10,8,0.412662855877951,2.11310604670656,0.413497430319192
"ccgaaatctatccgtgaagc",2,12,14,9,16,3,2.5394637284797,1.00483364458774,0.220531962836902
"ccgagtatacccgatcgcag",42,16,26,21,14,4,0.389778153673628,0.678001940119753,0.153147196414515
"ccgatttatccgtgtcttag",0,2,6,5,11,2,4.57103471126345,3.07360879520955,0.354426368845021
"ccgccagctcataacgcctc",18,1,10,20,21,23,0.842032709969583,8.45242418682625,1.80435242321102
"ccgccatcctggtctaagct",3,1,18,18,16,20,3.61873581308357,6.53141868982029,0.914046951231897
"ccgcgcacgccgcaagctcc",3,0,12,10,21,17,2.09505757599575,16.9048483736525,1.14506980703776
"ccgcgtaaaaataggttggg",38,3,29,18,15,23,0.371152391085494,3.07360879520955,0.661595888510707
"ccgctgcaaatgttctggcc",0,0,19,17,15,13,13.7131041337904,12.2944351808382,0.578896402446868
"ccggaaagaataatgccgct",1,0,5,7,25,30,3.04735647417563,19.9784571688621,4.27280677996498
"ccggattatcatcaagaatg",0,0,8,5,8,6,4.57103471126345,6.91561978922148,0.643218224940965
"ccgtattgactttatgttgc",17,6,20,5,11,6,0.25394637284797,1.31726091223266,0.275664953546128
"ccgtcagcacgagattttcc",21,2,12,6,11,4,0.242403355900335,3.07360879520955,0.318074946399378
"ccgtgaacgcggcgtaaagc",19,7,39,48,45,48,1.86650584043258,4.41831264311372,1.01306870428202
"ccgttatattacccttttca",8,0,3,3,6,4,0.338595163797293,5.37881539161671,1.03374357579798
"cctatgatgacggctgaaac",13,6,35,17,25,29,0.979507438127883,2.85406530983744,0.689162383865319
"cctgcatggcattagtttgt",15,13,37,10,11,3,0.523764393998937,0.658630456116331,0.087052090593514
"cctgctttacccaacatacc",70,48,134,73,61,31,0.794029503834497,0.972264006647918,0.19602841141058
"cctgggggaatactccgcgc",0,2,15,10,14,14,8.380230303983,3.84201099401193,0.775307681848484
"cctgttattatattgttttc",0,0,4,0,0,0,0.761839118543909,0.768402198802387,0.165398972127677
"ccttaataaaaatgacctta",0,0,1,3,2,0,3.04735647417563,2.30520659640716,0.413497430319192
"ccttacaacaccccttaata",0,0,5,1,1,0,1.52367823708782,1.53680439760477,0.137832476773064
"cgacataaggaatataaaaa",6,0,6,3,6,7,0.435336639167948,5.37881539161671,0.945136983586724
"cgacgttaggttgcaaagga",3,0,4,18,4,3,3.61873581308357,3.84201099401193,0.661595888510707
"cgagcaagctggcgcttgca",0,0,4,5,9,5,4.57103471126345,7.68402198802387,0.99239383276606
"cgagcagaaaagccagcgcc",0,0,4,0,82,6,0.761839118543909,63.7773825005981,1.15779280489374
"cgagctgaaacagattctgc",11,0,16,14,5,2,0.952298898179886,4.61041319281432,0.145940269524421
"cgagctgacctgcacaatac",0,0,1,4,2,0,3.80919559271954,2.30520659640716,0.413497430319192
"cgaggggcttttttttgccc",0,0,4,2,1,1,2.28551735563173,1.53680439760477,0.330797944255353
"cgatatacagcccataaaaa",65,4,39,15,19,24,0.18468827116216,3.07360879520955,0.51687178789899
"cgatatgactaaaaacgccc",0,0,4,0,2,2,0.761839118543909,2.30520659640716,0.49619691638303
"cgatattttctcgcggctga",33,3,33,25,31,40,0.582582855357107,6.14721759041909,0.997258508416874
"cgcagtataccgccagaaac",9,1,21,12,12,8,0.990390854107081,4.99461429221551,0.338316079352066
"cgcatacaggtatgttagtc",18,3,25,6,21,18,0.280677569989861,4.22621209341313,0.604342398158819
"cgccaccattgtgttatcgc",65,61,151,163,350,136,1.89305477941214,4.35014793192964,0.745383525706964
"cgccagcttagttttataat",11,14,28,7,17,7,0.507892745695939,0.922082638562864,0.228136513279554
"cgccttttaattccagaaaa",25,2,21,5,7,7,0.175809027356287,2.0490725301397,0.300725403868503
"cgcgaatcaggtcagcaaca",0,0,1,3,3,0,3.04735647417563,3.07360879520955,0.413497430319192
"cgcgaatttttctctttcaa",21,2,19,9,11,10,0.34629050842905,3.07360879520955,0.454847173351111
"cgcgagcgtattgtcgaact",14,3,23,25,22,13,1.32052113880944,4.41831264311372,0.482413668705724
"cgcggcgcgttaacgccgcg",5,1,5,2,6,1,0.380919559271954,2.68940769580835,0.275664953546128
"cgcggcgtggtaacacgctt",25,8,53,49,42,42,1.46507522796906,3.67125494983363,0.658532944582416
"cgctgaaataatttcctctc",3,0,6,8,6,7,1.71413801672379,5.37881539161671,0.945136983586724
"cgcttttacatgctgcgcga",34,4,26,34,31,27,0.761839118543909,4.91777407233528,0.857624299921286
"cggaaaaagaagatgagttc",0,2,23,9,14,25,7.61839118543909,3.84201099401193,0.895911099024915
"cggacaacgtattttccgca",13,0,27,23,18,30,1.30600991750384,14.5996417772453,0.915601452849639
"cggctcatgcctttcttctc",2,2,7,3,8,3,1.01578549139188,2.30520659640716,0.413497430319192
"cgggcaattaataacaaaac",18,4,29,11,21,17,0.481161548554048,3.3809696747305,0.49619691638303
"cgggcctcagtgcctgcatt",20,4,23,18,34,26,0.689283012015918,5.37881539161671,0.930369218218181
"cggggggattacttataaag",0,0,2,1,2,0,1.52367823708782,2.30520659640716,0.275664953546128
"cggttaaatagcccgatgaa",8,1,10,6,11,13,0.592541536645262,4.61041319281432,1.05253891353976
"cggttatatgttatctggtg",0,3,10,3,9,2,3.04735647417563,1.92100549700597,0.225544052901377
"cggttgaaaaagtggcataa",10,0,1,0,4,1,0.0692581016858099,3.84201099401193,0.826994860638383
"cggtttctcaaaaccttcat",3,0,2,1,6,1,0.380919559271954,5.37881539161671,0.551329907092256
"cgtaacggtaacactgtaga",24,3,36,18,19,19,0.578997730093371,3.84201099401193,0.447024248993721
"cgtaccctctcatggaagtt",13,4,31,14,17,18,0.816256198439902,2.76624791568859,0.49102819850404
"cgtactgctcgggcccgaaa",4,2,8,6,5,3,1.06657476596147,1.53680439760477,0.367553271394837
"cgtcaccggtaatcgggacg",10,2,14,5,12,2,0.415548610114859,3.32974286147701,0.165398972127677
"cgtcgcaaatcataagtcga",14,10,38,15,25,15,0.812628393113503,1.81622337898746,0.339279942826003
"cgtcgcggtcgtgcgatcac",25,5,61,40,38,46,1.20136168693463,4.99461429221551,0.626915458871032
"cgtcgttgccggaaaatcag",18,5,33,14,24,22,0.60145193569256,3.20167582834328,0.559437699843612
"cgtgaatataaccagcacga",29,9,81,50,51,60,1.29512650152464,3.99569143377241,0.615203493889529
"cgtgaatgctgcacatctta",0,0,1,1,4,1,1.52367823708782,3.84201099401193,0.826994860638383
"cgttgatggtcattgcggac",0,0,18,8,7,4,6.85655206689518,6.14721759041909,0.217630226483785
"cgttgcacaaggcgtgagat",0,0,5,3,2,1,3.04735647417563,2.30520659640716,0.275664953546128
"cgtttttgtgtgcattcaca",0,0,14,5,10,12,4.57103471126345,8.45242418682625,0.716728879219932
"ctaaatagccttcaagaaca",19,0,10,9,12,8,0.380919559271954,9.98922858443103,0.676632158704132
"ctaacagttttaccttttac",10,4,15,3,8,5,0.27703240674324,1.3831239578443,0.310123072739394
"ctaattgcaacaaactagtt",0,0,4,2,3,1,2.28551735563173,3.07360879520955,0.330797944255353
"ctagcagattcattttctca",6,2,15,2,6,7,0.326502479375961,1.79293846387224,0.413497430319192
"ctatactgttgtacctataa",10,4,8,3,4,1,0.27703240674324,0.768402198802387,0.183776635697419
"ctatagcctggatcaagacg",0,1,8,6,12,4,5.33287382980736,4.99461429221551,0.459441589243546
"ctatgattgcctttatccgt",14,1,10,5,12,12,0.304735647417563,4.99461429221551,0.977357562572635
"ctattaatggcggaaatagc",3,0,3,3,8,2,0.761839118543909,6.91561978922148,0.620246145478787
"ctattgagtaaagccagtca",8,0,4,4,8,6,0.423243954746616,6.91561978922148,1.15779280489374
"ctattttaggattaacctca",9,2,7,1,8,4,0.152367823708782,2.30520659640716,0.516871787898989
"ctcaagcaggatgtttgacg",7,0,6,3,8,4,0.380919559271954,6.91561978922148,0.590710614741702
"ctcacactgtaaatacctgg",0,1,9,10,10,8,8.380230303983,4.22621209341313,0.744295374574545
"ctcaccgcgtggggcatgga",12,3,18,16,30,14,0.996251155018958,5.9551170407185,0.652890679451355
"ctcactaactcttctccagc",6,0,4,15,20,23,1.74134655667179,16.1364461748501,3.96957533106424
"ctcagcttctgtgtgaatat",19,2,25,12,18,26,0.495195427053541,4.86654725908178,0.858802355278321
"ctcattgaatcctctgtgcc",5,3,15,6,9,6,0.888812304967894,1.92100549700597,0.361810251529293
"ctccgaaagatctgatcggc",39,8,49,40,47,45,0.780885096507506,4.0981450602794,0.760835271787313
"ctcgcaaatcaaagatgcga",2,1,12,9,5,8,2.5394637284797,2.30520659640716,0.572534903518881
"ctcgttaaattttttcaggc",16,7,28,7,17,13,0.358512526373604,1.72890494730537,0.39923889823922
"ctctacccagcaaggcttat",15,2,9,2,10,7,0.142844834726983,2.81747472894208,0.661595888510707
"ctcttataagcgtctggtcc",5,10,29,17,33,15,2.28551735563173,2.37506134175283,0.441063925673804
"ctcttcttaagcgatgccag",10,9,26,30,47,29,2.14700115226011,3.68833055425146,0.918883178487093
"ctgaaataagaaaccgtgct",16,1,16,7,12,10,0.358512526373604,4.99461429221551,0.535114321589542
"ctgaaatttctttttttcat",3,1,2,0,4,0,0.190459779635977,1.92100549700597,0.275664953546128
"ctgaatttggtttctacaga",1,1,4,3,5,2,1.52367823708782,2.30520659640716,0.49619691638303
"ctgatgataccaggatcaac",15,5,23,20,32,14,0.99991384308888,4.22621209341313,0.51687178789899
"ctgatgccaaacccgaaagt",1,0,5,6,11,15,2.66643691490368,9.22082638562864,2.20531962836902
"ctgatttaagaaaacataag",8,0,1,3,2,0,0.338595163797293,2.30520659640716,0.413497430319192
"ctgcgtagaagtgtgcccgg",14,3,29,23,20,14,1.21894258967025,4.03411154371253,0.413497430319192
"ctggaacgggcgctaattta",0,1,6,7,8,3,6.09471294835127,3.45780989461074,0.472568491793362
"ctggatatcggtgtaattgc",0,0,5,7,10,8,6.09471294835127,8.45242418682625,1.24049229095757
"ctggcagaaaataatcctct",12,4,31,5,9,9,0.351618054712573,1.53680439760477,0.258435893949495
"ctggccgatgaaaaagagaa",26,3,23,14,18,18,0.423243954746616,3.64991044431134,0.654704264672053
"ctggggcaacattattgtcg",10,4,17,5,13,4,0.415548610114859,2.15152615664668,0.229720794621773
"ctggtttatttatctcatcc",8,0,6,2,4,1,0.25394637284797,3.84201099401193,0.236284245896681
"ctgtgacttgccaaagtgat",0,2,20,3,5,6,3.04735647417563,1.53680439760477,0.275664953546128
"ctgtggttttcagtaatggg",7,9,16,2,14,3,0.285689669453966,1.15260329820358,0.194587026032561
"ctgtttcattcaccagatat",0,0,2,1,5,2,1.52367823708782,4.61041319281432,0.826994860638383
"ctgtttttccgcatgaaaaa",1,1,10,1,6,7,0.761839118543909,2.68940769580835,0.601450807737006
"cttacaaaccctgcttgaac",9,0,4,3,2,2,0.304735647417563,2.30520659640716,0.49619691638303
"cttataggagttaccttaca",0,3,6,1,4,0,1.52367823708782,0.960502748502983,0.11814212294834
"cttccagggccacatctccc",10,0,10,18,17,12,1.31590393203039,13.831239578443,0.977357562572635
"cttccctttcgccccccgtc",0,3,19,6,7,7,5.33287382980736,1.53680439760477,0.330797944255353
"cttcgaacccccgcttgtcg",0,14,36,26,38,16,20.5696562006855,1.99784571688621,0.379970611644663
"cttctaatgttccccttgaa",9,6,14,3,27,11,0.304735647417563,3.07360879520955,0.661595888510707
"cttgagacagacacgttagc",0,0,3,8,8,6,6.85655206689518,6.91561978922148,1.44724100611717
"cttgcaatcggtgtggaaaa",3,7,10,1,7,0,0.380919559271954,0.768402198802387,0.0751813509671258
"cttgccgttatatctgccac",25,12,46,30,46,34,0.908346641340814,2.77806948797786,0.615847236645605
"cttgcgatcgaaaagatcaa",6,1,8,8,4,4,0.979507438127883,1.92100549700597,0.459441589243546
"cttgtaccttaacggtacaa",3,0,2,0,2,1,0.190459779635977,2.30520659640716,0.551329907092256
"cttgttgcaattaaatagta",0,2,2,1,4,0,1.52367823708782,1.28067033133731,0.275664953546128
"ctttaacctgcccgcaatcg",0,0,9,7,4,9,6.09471294835127,3.84201099401193,0.826994860638383
"ctttattggaatagagagaa",0,0,7,1,3,2,1.52367823708782,3.07360879520955,0.310123072739394
"ctttccattctcaaattcct",6,0,10,2,7,4,0.326502479375961,6.14721759041909,0.375906754835629
"ctttctccttgccggatggc",2,2,14,12,7,7,3.3013028470236,2.0490725301397,0.441063925673804
"ctttgccactttctttgccg",4,1,7,11,13,5,1.82841388450538,5.37881539161671,0.620246145478787
"ctttggtccacatttttacc",31,5,28,12,34,18,0.309497141908463,4.48234615968059,0.541824219038941
"cttttactgaatcagagcaa",3,0,5,4,6,8,0.952298898179886,5.37881539161671,1.24049229095757
"cttttcagtcaattatagga",1,0,2,0,2,1,0.380919559271954,2.30520659640716,0.551329907092256
"cttttccgcagaggtttttg",27,3,38,13,25,28,0.380919559271954,4.99461429221551,0.614944896372131
"cttttgaggatatatccctc",0,0,6,1,3,4,1.52367823708782,3.07360879520955,0.590710614741702
"cttttgttcgccaaacttta",0,2,6,1,2,0,1.52367823708782,0.768402198802387,0.11814212294834
"ctttttcgcgaagtcttaca",4,4,9,3,8,3,0.609471294835127,1.3831239578443,0.330797944255353
"gaaaaacacgttacaatagc",2,0,5,4,6,6,1.26973186423985,5.37881539161671,0.964827337411447
"gaaaaatggtgcgatcggac",8,3,15,19,27,16,1.69297581898646,5.37881539161671,0.878682039428282
"gaaaaccatattattgcctc",3,1,8,4,12,3,0.952298898179886,4.99461429221551,0.367553271394837
"gaaaatagtggcgcagtgta",4,0,12,8,6,8,1.37131041337904,5.37881539161671,0.572534903518881
"gaaaatggcgctttcgtcag",4,2,8,13,18,12,2.13314953192294,4.86654725908178,1.19454813203322
"gaaacagaacaacatgacgc",0,0,5,8,5,4,6.85655206689518,4.61041319281432,0.689162383865319
"gaaacgttgatacgcaataa",18,2,14,6,16,15,0.280677569989861,4.35427912654686,0.882127851347609
"gaaagaattagtgatttttc",8,3,10,1,10,3,0.169297581898646,2.11310604670656,0.300725403868503
"gaaagatgacaaggcggtga",7,4,30,19,19,22,1.90459779635977,3.07360879520955,0.613576832086542
"gaaagcggaagctatcggtc",7,4,13,5,11,4,0.571379338907932,1.84416527712573,0.295355307370851
"gaaagtttcttcggtgagct",37,2,14,9,18,15,0.200483978564187,4.86654725908178,0.882127851347609
"gaaataattttcattgtgcc",11,1,2,0,4,0,0.0634865932119924,1.92100549700597,0.275664953546128
"gaaatcccgcaagagatgac",0,0,1,1,2,0,1.52367823708782,2.30520659640716,0.413497430319192
"gaaatcggcgctcactatcc",6,0,10,13,18,6,1.52367823708782,14.5996417772453,0.52626945676988
"gaaatgcttatgataaaacc",26,7,31,19,28,23,0.564325272995488,2.78545797065865,0.620246145478787
"gaaattgtgcaactgcacgc",0,0,3,1,4,1,1.52367823708782,3.84201099401193,0.413497430319192
"gaacaaaacagaattttacg",3,3,3,3,6,0,0.761839118543909,1.34470384790418,0.206748715159596
"gaacctgaaagacatcatcg",9,0,5,2,3,2,0.228551735563173,3.07360879520955,0.413497430319192
"gaactgaatggcaaactgac",0,0,3,4,6,2,3.80919559271954,5.37881539161671,0.620246145478787
"gaactttttagagtaacgtt",3,1,5,1,9,4,0.380919559271954,3.84201099401193,0.689162383865319
"gaaggagagacgagtgatgt",15,1,5,9,17,5,0.476149449089943,6.91561978922148,0.826994860638383
"gaagtcataagttacggtct",1,0,10,1,5,6,0.761839118543909,4.61041319281432,0.52626945676988
"gaagtgatgtcttctattga",7,2,10,0,4,2,0.0952298898179886,1.28067033133731,0.225544052901377
"gaagttcggatcagaactgc",0,0,2,5,8,4,4.57103471126345,6.91561978922148,1.37832476773064
"gaagttgaaactaaatctgc",12,5,20,15,20,12,0.937648145900195,2.68940769580835,0.511949199442809
"gaagttttttcagatactcc",14,2,9,2,7,4,0.152367823708782,2.0490725301397,0.413497430319192
"gaatttctacagtgattgta",16,6,7,3,4,0,0.179256263186802,0.548858713430276,0.103374357579798
"gaatttgagaaatttcagac",6,0,3,2,7,2,0.326502479375961,6.14721759041909,0.620246145478787
"gacaacatcgccaaaaatga",21,2,27,24,38,56,0.865726271072624,9.98922858443103,1.68352525201385
"gacaatcgttcctttgtaat",0,0,8,10,6,13,8.380230303983,5.37881539161671,1.28643644988193
"gacacatgctgcgttgtgtc",30,6,34,21,26,21,0.540660019611806,2.96383705252349,0.519825340972698
"gacagcaattgaaattggtc",0,0,7,3,7,6,3.04735647417563,6.14721759041909,0.723620503058585
"gacatagtcaatgccgaaaa",0,0,6,1,1,0,1.52367823708782,1.53680439760477,0.11814212294834
"gaccgaaaaagcctgcgcac",21,10,93,49,47,40,1.73145254214525,3.35302777659223,0.360710524320997
"gacctgcgcaccagtgcgct",15,2,8,2,10,4,0.142844834726983,2.81747472894208,0.459441589243546
"gacgatcgttttcatttgaa",18,1,7,11,20,13,0.481161548554048,8.06822308742506,1.44724100611717
"gacgctgttgtattcactgg",16,1,10,7,31,31,0.358512526373604,12.2944351808382,2.40580323094802
"gacgggatgtcggatgttgt",0,0,14,17,19,15,13.7131041337904,15.3680439760477,0.882127851347609
"gacgttaggttgcaaaggat",9,3,29,37,47,48,2.89498865046685,9.22082638562864,1.35075827237603
"gactatattgatgagtctac",0,0,2,1,1,0,1.52367823708782,1.53680439760477,0.275664953546128
"gactgatttttaaaagaacc",0,0,3,1,3,1,1.52367823708782,3.07360879520955,0.413497430319192
"gagaaataatggcaaaagtg",0,0,3,0,1,0,0.761839118543909,1.53680439760477,0.206748715159596
"gagaaattgctgtaagttgt",0,0,4,2,5,1,2.28551735563173,4.61041319281432,0.330797944255353
"gagaagcggagcactctgaa",0,0,7,5,5,7,4.57103471126345,4.61041319281432,0.826994860638383
"gagaattatgctcagcctga",2,0,8,5,7,2,1.52367823708782,6.14721759041909,0.275664953546128
"gagagaagagacagccgaaa",6,2,15,6,11,10,0.761839118543909,3.07360879520955,0.568558966688889
"gagcctgacgctggcctttt",38,5,48,32,30,44,0.644633100306384,3.97007802714566,0.759485076096474
"gaggtggcttcctccgcgat",21,17,26,15,29,9,0.554064813486479,1.28067033133731,0.306294392829031
"gagtaaaggaacaagggtaa",9,1,9,1,6,7,0.152367823708782,2.68940769580835,0.661595888510707
"gagtgccagaatgagattat",8,6,22,4,15,9,0.423243954746616,1.75634788297688,0.359562982886254
"gagtttccggtgtcgatcac",0,3,16,10,16,13,8.380230303983,3.26570934491014,0.681054591113963
"gataacggagtgtaacaaaa",1,1,6,2,5,3,1.14275867781586,2.30520659640716,0.472568491793362
"gatacagcataaagaaagct",0,0,7,4,4,5,3.80919559271954,3.84201099401193,0.620246145478787
"gatagaaaagatttgttcgt",0,0,1,2,5,1,2.28551735563173,4.61041319281432,0.826994860638383
"gatatacataggatgttgaa",40,9,23,10,33,14,0.204395861072756,2.61256747592811,0.51687178789899
"gatatatccaccgctacgtg",10,6,30,10,18,18,0.761839118543909,2.08566311103505,0.506867817810622
"gatatcttgaataacagcca",1,1,11,7,9,5,3.04735647417563,3.84201099401193,0.413497430319192
"gatcatgatgatattaactc",12,9,23,7,35,8,0.468824072950098,2.76624791568859,0.310123072739394
"gatccctactacgccggttg",6,6,38,14,16,20,1.6325123968798,1.86611962566294,0.445304924959129
"gatcgtagacactgccccac",11,0,31,25,31,30,1.6506514235118,24.5888703616764,0.801151271243434
"gatgaagctcgtcatcatac",6,1,7,3,3,2,0.435336639167948,1.53680439760477,0.310123072739394
"gatgagcacaggtttaatcg",0,1,12,5,17,7,4.57103471126345,6.91561978922148,0.508919914239005
"gatgattaacgatattaaat",3,1,2,0,2,0,0.190459779635977,1.15260329820358,0.275664953546128
"gatgcagccgatattaatac",28,3,36,12,11,8,0.341514087623132,2.30520659640716,0.201160912047174
"gatggcgaactaagtctggt",15,1,35,22,23,25,1.09514373290687,9.22082638562864,0.59727406601661
"gattaaatgatagtcgggga",7,7,15,6,10,3,0.66660922872592,1.05655302335328,0.206748715159596
"gattaacaccagaattgaaa",21,3,18,4,10,8,0.173145254214525,2.11310604670656,0.391734407670813
"gattaggtggtgaaataaaa",13,0,2,0,1,0,0.0544170798959935,1.53680439760477,0.275664953546128
"gattatgttctgcacgccct",0,0,0,1,7,0,1.52367823708782,6.14721759041909,0.826994860638383
"gattggcattctcgccatcg",8,0,3,7,8,3,0.677190327594586,6.91561978922148,0.826994860638383
"gattgtcaaagggcttgaag",12,2,27,6,3,4,0.410221063831335,1.02453626506985,0.147677653685426
"gattgttggcaatcagcgtc",15,0,14,15,11,33,0.761839118543909,9.22082638562864,1.87452168411367
"gcaaaccgcgtgggaaacgc",43,22,51,42,50,22,0.744524593122456,1.70384835386616,0.365786188359285
"gcaaactgcatttgcgttga",0,0,11,9,4,12,7.61839118543909,3.84201099401193,0.895911099024915
"gcaaattttgcacaaaaaat",9,0,7,3,4,1,0.304735647417563,3.84201099401193,0.206748715159596
"gcaacacctttatagcaaac",0,0,2,5,5,2,4.57103471126345,4.61041319281432,0.826994860638383
"gcaagccgatcaggactaac",11,3,45,12,23,34,0.825325711755901,4.61041319281432,0.629235220050944
"gcaatattttctccattttc",5,0,4,6,4,4,0.888812304967894,3.84201099401193,0.826994860638383
"gcaatccctctggccgctgc",15,3,49,53,57,63,2.57120702508569,11.1418318826346,1.05855342161713
"gcaatgaggttgttttatat",3,0,9,1,7,3,0.380919559271954,6.14721759041909,0.330797944255353
"gcaattatatacggataggg",12,12,16,7,19,5,0.468824072950098,1.18215722892675,0.291880539048841
"gcaatttcatgtgcaatttc",20,8,32,22,39,25,0.8343952250719,3.41512088356616,0.651571708381756
"gcacaatgtatttcaatcat",0,0,4,1,4,1,1.52367823708782,3.84201099401193,0.330797944255353
"gcaccgtacaaactgaaaat",0,0,12,2,6,9,2.28551735563173,5.37881539161671,0.636149892798756
"gcagaagacaaaataatgag",0,0,3,2,5,2,2.28551735563173,4.61041319281432,0.620246145478787
"gcagaagccgctaccgcaaa",19,12,37,19,24,15,0.761839118543909,1.47769653615844,0.348208362374056
"gcagacaagatctccgcacg",7,4,33,34,29,33,3.3330461436296,4.61041319281432,0.826994860638383
"gcagcctgacggtccacgat",0,0,1,5,11,3,4.57103471126345,9.22082638562864,1.65398972127677
"gcaggcgctttcccgccttt",16,3,11,7,11,7,0.358512526373604,2.30520659640716,0.551329907092256
"gcatagaaaattaatgctat",1,0,4,1,0,0,0.761839118543909,0.768402198802387,0.165398972127677
"gcatcattaccagtcgttcc",7,0,16,9,12,19,0.952298898179886,9.98922858443103,0.972935130162804
"gcattagtcggtgatgtggg",22,1,19,6,5,6,0.231864079556842,2.30520659640716,0.289448201223434
"gcattatttcctggttggta",13,5,13,7,8,1,0.435336639167948,1.15260329820358,0.11814212294834
"gcccagcccgccacacccgc",3,1,13,13,9,13,2.66643691490368,3.84201099401193,0.826994860638383
"gccctatccacttatctttt",17,9,28,14,12,6,0.634865932119924,0.998922858443103,0.19961944911961
"gccgagctgcaggacaaaat",8,0,11,2,8,9,0.25394637284797,6.91561978922148,0.689162383865319
"gccgccgtcaaactggcctg",8,1,31,23,20,27,2.03157098278376,8.06822308742506,0.723620503058585
"gccgcttcgcccacctgtac",2,1,12,12,7,10,3.3013028470236,3.07360879520955,0.699764882078632
"gccggtatttttaaagtacg",0,0,2,1,2,1,1.52367823708782,2.30520659640716,0.551329907092256
"gccgttaaaaatttattcga",0,0,6,1,3,0,1.52367823708782,3.07360879520955,0.11814212294834
"gcctccactgggaggctttc",7,0,9,7,8,5,0.761839118543909,6.91561978922148,0.49619691638303
"gcctgaactgccggaggcgt",0,0,16,24,16,23,19.0459779635977,13.0628373796406,1.16752215619536
"gccttactacactgctttaa",16,1,18,9,15,22,0.448140657967005,6.14721759041909,1.00109904182541
"gcgacagatatcgttttaat",37,2,15,8,10,8,0.180435580707768,2.81747472894208,0.465184609109091
"gcgagaaaccttattaacca",9,7,17,3,15,3,0.304735647417563,1.53680439760477,0.183776635697419
"gcgattgcagatttatgatt",31,6,40,7,23,20,0.190459779635977,2.63452182446533,0.423582733497709
"gcgattgtgcttaatgatgg",85,24,71,39,64,27,0.354343776066934,1.99784571688621,0.321609112470482
"gcgcactaccagtaagttaa",0,0,9,1,12,9,1.52367823708782,9.98922858443103,0.826994860638383
"gcgcgaaaatggtactttaa",0,1,15,2,5,8,2.28551735563173,2.30520659640716,0.465184609109091
"gcgcgacccgtgggcggcac",5,0,4,6,10,11,0.888812304967894,8.45242418682625,1.98478766553212
"gcgcggaaaaatttaaaaac",11,0,22,6,10,29,0.444406152483947,8.45242418682625,1.07868894865876
"gcggaaattactgtcactct",52,11,55,35,43,44,0.517475627690202,2.81747472894208,0.664549441584415
"gcggcatccttcttctattg",7,5,29,8,14,12,0.857069008361897,1.92100549700597,0.358364439609966
"gcggctattttacccatcaa",0,2,12,5,7,4,4.57103471126345,2.0490725301397,0.318074946399378
"gcgggtcaaagaagcgctga",0,1,7,6,10,9,5.33287382980736,4.22621209341313,1.03374357579798
"gcggtgtttatctattaaag",6,0,5,0,2,1,0.108834159791987,2.30520659640716,0.275664953546128
"gcgtcttttgaatatagacg",11,0,12,3,10,8,0.25394637284797,8.45242418682625,0.572534903518881
"gctaattatttcatgctacc",42,8,23,4,13,7,0.0885859440167336,1.19529230924816,0.275664953546128
"gctaattcctcaggatcagt",5,5,34,4,19,11,0.634865932119924,2.56134066267462,0.283541095076017
"gctacagtaccaacaaggtc",20,1,13,3,10,7,0.145112213055983,4.22621209341313,0.472568491793362
"gctaccaaaactggtcgaac",0,0,4,14,5,2,11.4275867781586,4.61041319281432,0.49619691638303
"gctaccactttgggccctgg",0,1,12,22,25,14,17.5222997265099,9.98922858443103,0.954224839198135
"gctatatttatttctcgccg",11,0,2,2,2,1,0.190459779635977,2.30520659640716,0.551329907092256
"gctattcaattaaccagcaa",0,0,4,0,4,2,0.761839118543909,3.84201099401193,0.49619691638303
"gctcaattttggagattttg",18,3,15,8,12,11,0.360871161415536,2.49730714610776,0.620246145478787
"gctgacgccgtgaaagaata",7,0,14,5,7,9,0.571379338907932,6.14721759041909,0.551329907092255
"gctgattatgataccgaaaa",3,0,5,2,4,1,0.571379338907932,3.84201099401193,0.275664953546128
"gctgcaaattactttgcaac",23,9,39,35,35,32,1.14275867781586,2.76624791568859,0.682270760026666
"gctgccgtctgtcagtcatg",0,0,18,14,8,11,11.4275867781586,6.91561978922148,0.522312543561084
"gctggcggccagaagtgagc",4,0,13,1,6,2,0.304735647417563,5.37881539161671,0.177213184422511
"gctgtttgacttcgcttacc",10,11,40,33,30,17,2.35477545731754,1.98503901357283,0.363070914426607
"gcttacgttgacgacggtca",9,0,15,11,13,10,0.91420694225269,10.7576307832334,0.568558966688889
"gcttcaggttatcaagcagg",4,0,6,12,14,6,1.98078170821416,11.5260329820358,0.826994860638383
"gcttcggtatcattgcttaa",5,0,2,3,3,0,0.507892745695939,3.07360879520955,0.275664953546128
"ggaaaagttttgcgctatgt",5,0,8,3,9,4,0.507892745695939,7.68402198802387,0.459441589243546
"ggaaatgcatctacagggaa",13,2,16,5,13,8,0.326502479375961,3.58587692774447,0.437820808573262
"ggaactcaccgagatcgtct",0,0,9,4,5,4,3.80919559271954,4.61041319281432,0.413497430319192
"ggaactctctttcagtaatc",25,0,19,7,9,15,0.234412036475049,7.68402198802387,0.661595888510707
"ggaagattgagtctattatt",0,0,3,0,2,0,0.761839118543909,2.30520659640716,0.206748715159596
"ggaagcatgtcatggtcgcc",20,11,42,51,48,31,1.88645876972777,3.13764231177641,0.615438035823913
"ggacggggagattgtcgtga",0,0,0,1,6,0,1.52367823708782,5.37881539161671,0.826994860638383
"ggagtgataataacgatatt",10,1,11,4,5,2,0.34629050842905,2.30520659640716,0.206748715159596
"ggatacgttccggacgcgct",4,2,15,9,12,11,1.52367823708782,3.32974286147701,0.620246145478787
"ggattcaatgagcgaaaaaa",3,0,12,14,10,14,2.85689669453966,8.45242418682625,0.954224839198135
"ggattgagttaaattttagt",2,1,2,2,2,0,0.761839118543909,1.15260329820358,0.275664953546128
"ggcagttaaagttgtattgg",14,5,16,4,10,6,0.25394637284797,1.40873736447104,0.340527295556981
"ggcataagcgttaaatgtag",7,1,9,4,6,1,0.476149449089943,2.68940769580835,0.165398972127677
"ggcatcatccacaccaccat",0,0,10,5,7,1,4.57103471126345,6.14721759041909,0.150362701934252
"ggcatgagtatacccgctaa",0,2,15,14,22,17,11.4275867781586,5.89108352415163,0.930369218218181
"ggcatgtgtggtgagcttgc",47,13,53,44,64,50,0.714224173634914,3.5675816372968,0.781050701714029
"ggcatgttgcagcattccgg",12,0,9,14,11,12,0.879045136781433,9.22082638562864,1.0750933188299
"ggcggcattgttagcgtacc",0,0,4,10,2,1,8.380230303983,2.30520659640716,0.330797944255353
"ggcgtgatttccgatcttgg",4,5,24,10,14,8,1.6760460607966,1.92100549700597,0.297718149829818
"ggctggagaaaagaggaaat",0,1,8,1,3,3,1.52367823708782,1.53680439760477,0.367553271394837
"ggcttcctgttcaaaatgta",18,0,10,5,7,7,0.240580774277024,6.14721759041909,0.601450807737006
"gggaaaatgaaaattttccc",4,1,6,1,3,1,0.304735647417563,1.53680439760477,0.236284245896681
"gggaagggaaggctattgaa",8,10,35,22,35,21,1.94692219183443,2.51477083244417,0.505385748167901
"gggacaaccgctacataata",0,0,0,0,4,0,0.761839118543909,3.84201099401193,0.826994860638383
"gggacgtttttattgcgtca",0,0,6,0,4,2,0.761839118543909,3.84201099401193,0.354426368845021
"gggatcgcccaggactataa",9,0,9,1,5,3,0.152367823708782,4.61041319281432,0.330797944255353
"gggcaaaaccttcgctacca",21,5,29,23,31,30,0.831097220229719,4.0981450602794,0.854561355992996
"gggcaccactgctacagtgg",8,0,15,10,11,12,0.931136700442555,9.22082638562864,0.671933324268686
"gggcatgtggtggagttttg",0,0,3,3,7,2,3.04735647417563,6.14721759041909,0.620246145478787
"gggcgtaatggaataacgca",27,8,16,21,26,10,0.598587878855928,2.30520659640716,0.535114321589542
"gggctgtacgcgatttatat",2,3,20,6,7,4,1.77762460993579,1.53680439760477,0.196903538247234
"gggtactataccataacaac",0,1,8,3,7,1,3.04735647417563,3.07360879520955,0.183776635697419
"gggtgatttcaaaattaaag",6,1,8,3,5,5,0.435336639167948,2.30520659640716,0.551329907092255
"gggttggcgtggaaacacag",14,1,8,12,14,9,0.660260569404721,5.7630164910179,0.918883178487092
"ggtaaaaaacgaacttcaga",0,0,4,2,6,1,2.28551735563173,5.37881539161671,0.330797944255353
"ggtaccagttgaagtccgtc",0,0,9,4,6,9,3.80919559271954,5.37881539161671,0.826994860638383
"ggtaggcacagccttaatca",9,7,41,15,27,24,1.21894258967025,2.68940769580835,0.492258845618085
"ggtatctggtgacaaagagc",25,3,12,13,23,15,0.410221063831335,4.61041319281432,1.01783982847801
"ggtattcctgatgaacctga",4,0,3,6,7,1,1.06657476596147,6.14721759041909,0.413497430319192
"ggtcaatcccacaataaaag",0,0,3,1,3,0,1.52367823708782,3.07360879520955,0.206748715159596
"ggtcatgcctatcgcagcat",0,0,19,9,10,14,7.61839118543909,8.45242418682625,0.620246145478788
"ggtcattaactgcccaattc",31,11,49,27,47,29,0.66660922872592,3.07360879520955,0.49619691638303
"ggtgacccaaaactgtaggt",17,3,19,14,24,19,0.634865932119924,4.80251374251492,0.826994860638383
"ggtgattaccccaaacgaac",0,0,0,2,5,0,2.28551735563173,4.61041319281432,0.826994860638383
"ggtgccgatgaccccgttac",7,2,26,23,28,24,2.28551735563173,7.4278879217564,0.765735982072577
"ggtgcctgagtttatttaaa",1,3,6,1,4,1,0.761839118543909,0.960502748502983,0.236284245896681
"ggtggctaaaatagtctcaa",4,2,7,1,7,2,0.304735647417563,2.0490725301397,0.310123072739394
"ggtggctgatccgaatgcgc",80,12,58,45,59,59,0.432649375963208,3.54647168678025,0.841011722683102
"ggtgtcatacgacagcccga",37,7,59,53,46,55,1.08261348424661,4.51436291796402,0.771861869929158
"ggttaccagaatgcgcttac",4,0,2,3,4,1,0.609471294835127,3.84201099401193,0.551329907092256
"ggttagaaacaatgagcggc",12,4,20,8,25,10,0.52742708206886,3.99569143377241,0.433187784143915
"ggttcagtacgtatccataa",6,1,9,2,2,1,0.326502479375961,1.15260329820358,0.165398972127677
"ggtttccctggaaaatgtct",25,0,13,3,10,6,0.117206018237524,8.45242418682625,0.413497430319192
"ggtttgtcatatctcttttc",13,2,8,4,5,1,0.272085399479967,1.53680439760477,0.183776635697419
"gtaaaaatcagcagcaaatc",23,0,6,12,14,10,0.412662855877951,11.5260329820358,1.29956335243175
"gtaaaaattcaatggccagc",4,2,7,6,8,4,1.06657476596147,2.30520659640716,0.516871787898989
"gtaaatatcctgatggtaga",14,1,2,0,7,1,0.0507892745695939,3.07360879520955,0.551329907092256
"gtaaatctttgccaaatcag",7,5,13,4,16,3,0.476149449089943,2.17713956327343,0.236284245896681
"gtaaatggcaaaggtatcgc",0,0,5,4,14,2,3.80919559271954,11.5260329820358,0.413497430319192
"gtaacggtaacactgtagag",15,3,19,4,17,11,0.238074724544971,3.45780989461074,0.49619691638303
"gtaagcgagcaagataagcc",11,2,28,25,28,30,1.6506514235118,7.4278879217564,0.884028988958272
"gtaataatcctaacgccttc",3,0,1,0,7,2,0.190459779635977,6.14721759041909,1.24049229095757
"gtaatatccgttgtgcctaa",11,5,13,11,13,6,0.761839118543909,1.79293846387224,0.413497430319192
"gtaatggtcagctccaatgg",22,0,8,2,6,2,0.0993703198100751,5.37881539161671,0.275664953546128
"gtacactttgttaaacagtc",6,0,14,4,9,13,0.544170798959935,7.68402198802387,0.771861869929158
"gtacctcattatattagata",4,1,4,1,4,1,0.304735647417563,1.92100549700597,0.330797944255353
"gtacgttcacgcacatcacg",21,0,3,3,4,2,0.13851620337162,3.84201099401193,0.620246145478787
"gtagcaattcaccataatcc",10,9,22,12,19,9,0.900355321915529,1.53680439760477,0.359562982886254
"gtagcgggaaaggatgggtt",32,10,42,40,41,30,0.946527389706069,2.9338993045182,0.596205597204416
"gtaggcacttttgcaccttt",9,5,22,11,27,23,0.91420694225269,3.58587692774447,0.862951158927009
"gtatgccggggctgttttac",0,2,22,14,12,18,11.4275867781586,3.32974286147701,0.683169667483882
"gtattataaccctgctcaag",2,0,4,1,3,3,0.507892745695939,3.07360879520955,0.661595888510707
"gtcaacatcagtattccatt",21,4,23,3,13,12,0.13851620337162,2.15152615664668,0.447955549512458
"gtcaccctcggtcagtttgc",0,1,1,16,13,2,12.9512650152465,5.37881539161671,1.24049229095757
"gtcagggcgcagagatcccc",0,0,7,6,2,4,5.33287382980736,2.30520659640716,0.516871787898989
"gtcattcgcttcgcaccgat",7,2,30,14,24,25,1.42844834726983,6.40335165668655,0.693608592793483
"gtcattgtatgaaggatatc",3,2,8,1,4,0,0.380919559271954,1.28067033133731,0.0918883178487093
"gtccagcttttccaggcgaa",0,0,8,4,1,2,3.80919559271954,1.53680439760477,0.275664953546128
"gtcgatcaccggaatgttaa",16,0,11,4,4,4,0.224070328983503,3.84201099401193,0.34458119193266
"gtcgccatcggcacggctca",0,0,6,1,12,2,1.52367823708782,9.98922858443103,0.354426368845021
"gtcggctacgatgaaatttt",4,2,19,5,15,15,0.91420694225269,4.0981450602794,0.661595888510707
"gtcgtaaaccacgtcatcaa",6,0,8,4,5,10,0.544170798959935,4.61041319281432,1.0107714963358
"gtctccagagtctcagcgat",0,0,2,3,3,1,3.04735647417563,3.07360879520955,0.551329907092256
"gtctgacccctatttaagcc",22,4,22,28,27,19,0.960579758164059,4.30305231329337,0.719125965772507
"gtgaaatagatcaccgcttt",3,0,4,2,6,1,0.571379338907932,5.37881539161671,0.330797944255353
"gtgaattttaattcaataag",4,0,7,2,1,0,0.457103471126345,1.53680439760477,0.103374357579798
"gtgacaataagagtatcggc",0,4,15,19,28,13,15.2367823708782,4.45673275305384,0.723620503058585
"gtgacgaaatttgaacaacg",7,13,71,34,50,46,3.3330461436296,2.79917943849441,0.539843867361167
"gtgatccggctaacctgaaa",3,8,22,7,8,1,1.52367823708782,0.768402198802387,0.0719125965772507
"gtgattaaaaaaacagcatt",10,1,9,2,9,4,0.20777430505743,3.84201099401193,0.413497430319192
"gtgatttatatgtttgtttt",10,0,5,2,2,1,0.20777430505743,2.30520659640716,0.275664953546128
"gtgcaaggacaatcggcaaa",3,3,30,33,12,22,6.47563250762323,2.49730714610776,0.613576832086542
"gtgccggaacatgcacagtt",18,5,32,7,24,20,0.320774365702698,3.20167582834328,0.52626945676988
"gtgcgctggtgatcgcctta",4,0,10,6,5,11,1.06657476596147,4.61041319281432,0.902176211605509
"gtgcgtaagatccgttttga",0,0,6,9,5,5,7.61839118543909,4.61041319281432,0.708852737690043
"gtgctacctgtttgcgctgg",5,0,6,11,18,7,1.52367823708782,14.5996417772453,0.945136983586724
"gtgcttaaaaccacctttac",0,0,4,6,7,5,5.33287382980736,6.14721759041909,0.99239383276606
"gtggattaaggtcgcggcag",10,9,42,25,24,17,1.80071064383106,1.92100549700597,0.346183895150951
"gtggcgcagaaaaaagcaaa",5,2,16,2,7,8,0.380919559271954,2.0490725301397,0.437820808573262
"gtggcggatattaagataac",0,0,18,6,5,13,5.33287382980736,4.61041319281432,0.609364634154598
"gtggtacaggcgaagaatac",0,0,3,3,1,0,3.04735647417563,1.53680439760477,0.206748715159596
"gtggttaaaacacaataaac",7,2,9,0,4,2,0.0952298898179886,1.28067033133731,0.248098458191515
"gtgtaatataaagaaaagca",4,0,4,0,4,2,0.152367823708782,3.84201099401193,0.49619691638303
"gttaaatctcaggcgtataa",5,0,6,2,16,11,0.380919559271954,13.0628373796406,1.41770547538009
"gttaacaggtcttggcctac",12,10,31,19,25,15,1.17206018237524,1.81622337898746,0.413497430319192
"gttaacttttaagcaacagc",0,2,11,7,8,6,6.09471294835127,2.30520659640716,0.482413668705724
"gttacaatggcgaaccccac",0,0,10,2,5,0,2.28551735563173,4.61041319281432,0.0751813509671258
"gttacaggttgatggaaggc",0,0,5,9,20,25,7.61839118543909,16.1364461748501,3.58364439609966
"gttactccttatttgccgtg",24,4,10,15,19,9,0.487577035868102,3.07360879520955,0.751813509671257
"gttacttacgcggcttcgcc",7,1,5,6,15,4,0.66660922872592,6.14721759041909,0.689162383865319
"gttagttacggtgatagtat",6,0,0,1,4,0,0.217668319583974,3.84201099401193,0.826994860638383
"gttatatccatttaactaag",10,0,4,0,6,3,0.0692581016858099,5.37881539161671,0.661595888510707
"gttatgcacggcttagcata",2,3,26,15,22,26,4.06314196556751,4.41831264311372,0.826994860638383
"gttctcaaaaggttaaatct",4,0,11,0,3,7,0.152367823708782,3.07360879520955,0.551329907092256
"gttctttatcgttatgggtc",19,11,30,6,19,8,0.266643691490368,1.28067033133731,0.240095282120821
"gttctttttcagtaagttaa",15,2,7,2,4,1,0.142844834726983,1.28067033133731,0.206748715159596
"gttgaaataactatatccct",2,0,4,0,1,1,0.25394637284797,1.53680439760477,0.330797944255353
"gttgaatcattatttgctat",2,0,5,2,10,5,0.761839118543909,8.45242418682625,0.826994860638383
"gttgatgggattatccagcg",0,0,11,8,4,12,6.85655206689518,3.84201099401193,0.895911099024915
"gttgattcgctgatcaactt",4,1,3,3,6,2,0.609471294835127,2.68940769580835,0.620246145478787
"gttgatttttccatctttcg",16,4,23,10,21,23,0.492954723763706,3.3809696747305,0.826994860638383
"gttggcgcgcaaagcattga",4,7,26,27,21,15,4.26629906384589,2.11310604670656,0.490071028526449
"gttggtgtggactttcttca",3,1,11,14,12,17,2.85689669453966,4.99461429221551,1.24049229095757
"gttgtgttcagcgttagcaa",2,0,5,2,8,4,0.761839118543909,6.91561978922148,0.689162383865319
"gtttaacgactggcgttttc",4,0,9,1,8,9,0.304735647417563,6.91561978922148,0.826994860638383
"gtttacgtctttttactgcc",8,1,8,2,15,10,0.25394637284797,6.14721759041909,1.0107714963358
"gtttataccgatggtttatg",9,0,6,2,5,5,0.228551735563173,4.61041319281432,0.708852737690043
"gtttctgcagggtttttaat",3,0,11,4,4,5,0.952298898179886,3.84201099401193,0.413497430319192
"gtttgaagaaaccctcaccg",21,3,15,17,26,16,0.623322915172289,5.18671484191611,0.878682039428282
"gttttcgtttatactgcgcg",0,0,4,4,2,1,3.80919559271954,2.30520659640716,0.330797944255353
"gttttttacaattatcttcc",9,0,3,1,3,2,0.152367823708782,3.07360879520955,0.620246145478787
"taaaaaaattactctcaaag",4,0,2,0,1,0,0.152367823708782,1.53680439760477,0.275664953546128
"taaaaaagcttcgctgctga",19,2,10,9,15,10,0.380919559271954,4.0981450602794,0.826994860638383
"taaaacatataaacaatcag",1,1,6,2,7,2,1.14275867781586,3.07360879520955,0.354426368845021
"taaaatacgcagaattttcc",5,0,7,6,3,2,0.888812304967894,3.07360879520955,0.310123072739394
"taaacactggtagggtaaaa",9,3,13,13,10,6,1.06657476596147,2.11310604670656,0.413497430319192
"taaacgcggtgataaatcca",4,0,11,2,2,2,0.457103471126345,2.30520659640716,0.206748715159596
"taaacttctgccattttgtg",10,8,13,8,11,3,0.623322915172289,1.02453626506985,0.236284245896681
"taaagacaacattcacagtg",29,10,33,16,28,17,0.431708833841548,2.02578761502447,0.437820808573262
"taaagccatcctggctgcag",13,3,9,7,7,2,0.435336639167948,1.53680439760477,0.248098458191515
"taaagggatgatatgcccat",4,0,2,4,6,1,0.761839118543909,5.37881539161671,0.551329907092256
"taaagtacgcggcgattgta",3,4,4,4,4,0,0.952298898179886,0.768402198802387,0.165398972127677
"taaatattgtctagagtgag",0,1,6,1,3,2,1.52367823708782,1.53680439760477,0.354426368845021
"taaatatttccccggacgat",10,0,3,3,4,3,0.27703240674324,3.84201099401193,0.826994860638383
"taaatccatggctctgcgcc",8,1,9,8,11,11,0.761839118543909,4.61041319281432,0.99239383276606
"taaatcttggtttatatggc",0,0,3,1,2,1,1.52367823708782,2.30520659640716,0.413497430319192
"taaatttactgatagctttg",0,0,1,0,3,0,0.761839118543909,3.07360879520955,0.413497430319192
"taacaattcggtcagtctgt",1,2,6,2,8,3,1.14275867781586,2.30520659640716,0.472568491793362
"taacaattgtggattcataa",7,1,4,2,5,2,0.285689669453966,2.30520659640716,0.49619691638303
"taacagcaatcaaggaaaag",28,3,30,6,15,21,0.18389220102784,3.07360879520955,0.586899578517562
"taacagcctggaaggcaacg",0,4,7,7,10,1,6.09471294835127,1.69048483736525,0.206748715159596
"taacgatattaaatgggtac",9,0,8,4,4,2,0.380919559271954,3.84201099401193,0.275664953546128
"taacttatgttccattttcc",0,0,4,0,5,1,0.761839118543909,4.61041319281432,0.330797944255353
"taagggatacgtcctggtgc",3,0,6,17,7,8,3.42827603344759,6.14721759041909,1.06327910653506
"taagggtaaattaactaaaa",0,0,4,0,0,0,0.761839118543909,0.768402198802387,0.165398972127677
"taagtgtaaagccacgaaaa",2,0,4,6,5,2,1.77762460993579,4.61041319281432,0.49619691638303
"taataatcttacgggagccg",8,0,3,5,4,3,0.507892745695939,3.84201099401193,0.826994860638383
"taatagacgatgctatcgcc",0,0,2,0,1,0,0.761839118543909,1.53680439760477,0.275664953546128
"taatgcagaaaatggcattt",4,0,9,6,12,16,1.06657476596147,9.98922858443103,1.40589126308525
"taatttgaacttaaccggcc",16,5,17,9,9,5,0.448140657967005,1.28067033133731,0.275664953546128
"taattttccgttaacataac",0,0,6,1,2,1,1.52367823708782,2.30520659640716,0.236284245896681
"taattttgaaggtgtatcac",0,0,1,0,4,1,0.761839118543909,3.84201099401193,0.826994860638383
"tacaaaaccgcgtttataat",4,2,19,1,15,8,0.304735647417563,4.0981450602794,0.372147687287272
"tacaacaactccttaagcac",8,4,15,13,23,15,1.18508307329052,3.68833055425146,0.826994860638383
"tacaacacccgagggaaaag",15,4,17,8,20,13,0.428534504180949,3.22728923497002,0.643218224940965
"tacacctttccagatacggg",7,0,15,10,12,15,1.04752878799787,9.98922858443103,0.826994860638383
"tacactccaccgtatactga",1,6,37,14,18,10,5.71379338907932,2.08566311103505,0.239393249132164
"tacaggccgggaaagggatc",20,10,52,44,53,33,1.6325123968798,3.77215624866626,0.530525004937831
"taccgaagataataaagtaa",1,3,9,3,3,1,1.52367823708782,0.768402198802387,0.165398972127677
"tacgaaggctttggtatcgt",30,3,32,16,29,29,0.417782742427305,5.7630164910179,0.751813509671257
"tacgcatcactgtattctgc",6,1,9,2,1,1,0.326502479375961,0.768402198802387,0.165398972127677
"tacgcatcaggatgggaaat",18,2,16,18,19,23,0.761839118543909,5.12268132534924,1.16752215619536
"tacgcattatatgcttttcc",0,0,11,2,2,1,2.28551735563173,2.30520659640716,0.137832476773064
"tactatagcaaatgcactac",21,6,13,5,10,3,0.20777430505743,1.20748916954661,0.236284245896681
"tactattcccacgttaaaat",5,2,2,2,5,0,0.380919559271954,1.53680439760477,0.275664953546128
"tactggatattggctgcggc",4,5,21,16,26,18,2.59025300304929,3.45780989461074,0.714222834187695
"tactggcattcgttattatc",0,0,2,1,2,0,1.52367823708782,2.30520659640716,0.275664953546128
"tactttttgccgcctgaaag",0,1,5,6,8,3,5.33287382980736,3.45780989461074,0.551329907092256
"tagaatactacggttaccag",20,2,14,6,10,11,0.25394637284797,2.81747472894208,0.661595888510707
"tagcaggcaagataacaatt",19,2,33,11,14,20,0.457103471126345,3.84201099401193,0.510790943335472
"tagcatatctatatacagaa",0,0,1,2,2,0,2.28551735563173,2.30520659640716,0.413497430319192
"taggttgaagacataaaagc",6,7,6,1,9,0,0.217668319583974,0.960502748502983,0.11814212294834
"tagtattagcagccacgagt",0,1,17,3,8,3,3.04735647417563,3.45780989461074,0.183776635697419
"tagtcggggagggagagaag",8,3,13,7,10,7,0.677190327594586,2.11310604670656,0.472568491793362
"tagttgacaatttttatctt",3,1,8,2,7,6,0.571379338907932,3.07360879520955,0.643218224940965
"tatactttaccagtgttgag",0,1,6,5,11,2,4.57103471126345,4.61041319281432,0.354426368845021
"tatagccagccagtaaggcc",20,3,17,13,23,21,0.507892745695939,4.61041319281432,1.0107714963358
"tatatgcctttatcattaac",5,0,2,3,5,2,0.507892745695939,4.61041319281432,0.826994860638383
"tatcaaaggtaaagatttcc",9,6,7,4,7,0,0.380919559271954,0.878173941488442,0.103374357579798
"tatcagaatcgctttagtca",3,1,4,4,3,1,0.952298898179886,1.53680439760477,0.330797944255353
"tatccactttttacccgtca",35,1,12,7,13,11,0.169297581898646,5.37881539161671,0.763379871358508
"tatcgcagaaatagcatttt",0,0,3,0,4,3,0.761839118543909,3.84201099401193,0.826994860638383
"tatgaatttacaaacaatag",0,0,2,0,1,0,0.761839118543909,1.53680439760477,0.275664953546128
"tatgctgaaataatgtccag",11,0,8,1,4,5,0.126973186423985,3.84201099401193,0.551329907092255
"tatgtataaaaagaaatctt",4,1,2,0,3,0,0.152367823708782,1.53680439760477,0.275664953546128
"tatgtataagcctgatctac",3,0,2,1,1,0,0.380919559271954,1.53680439760477,0.275664953546128
"tatgtatgtcggatatctgg",2,0,15,13,13,13,3.55524921987157,10.7576307832334,0.723620503058585
"tattataattaactcaccca",10,0,2,0,3,1,0.0692581016858099,3.07360879520955,0.551329907092256
"tattcttacttccccgaaac",1,1,8,4,10,9,1.90459779635977,4.22621209341313,0.918883178487092
"tattgtgaactgccagaagg",3,2,8,3,10,3,0.761839118543909,2.81747472894208,0.367553271394837
"tatttaattgcggattcgtt",32,4,15,8,14,9,0.20777430505743,2.30520659640716,0.516871787898989
"tatttaattttctggcacga",4,0,2,0,3,0,0.152367823708782,3.07360879520955,0.275664953546128
"tattttacaactctgtctgg",6,2,3,2,6,1,0.326502479375961,1.79293846387224,0.413497430319192
"tattttacccatcaacgggg",12,14,12,6,8,0,0.410221063831335,0.461041319281432,0.0636149892798756
"tcaaaaagtttgttgacctc",4,1,4,0,6,2,0.152367823708782,2.68940769580835,0.49619691638303
"tcaacgtggtttttggtgcg",4,2,6,2,7,3,0.457103471126345,2.0490725301397,0.472568491793362
"tcaacttagctccatataaa",0,0,3,0,2,0,0.761839118543909,2.30520659640716,0.206748715159596
"tcaatacattatttactgcc",0,1,4,0,6,2,0.761839118543909,2.68940769580835,0.49619691638303
"tcaattttttcgctcctgcc",4,1,11,4,11,8,0.761839118543909,4.61041319281432,0.620246145478787
"tcacgcttttatttttcacc",2,14,50,15,32,24,4.06314196556751,1.69048483736525,0.405389637567835
"tcagaaagtctggcatttgg",63,54,191,54,58,46,0.654705492498672,0.824285995078924,0.202441450260438
"tcagacctcctacaagtaag",7,1,8,15,20,11,1.52367823708782,8.06822308742506,1.10265981418451
"tcataggcttcgcgttcatc",7,0,2,4,4,2,0.476149449089943,3.84201099401193,0.826994860638383
"tcatattgccaatttgtcaa",1,2,15,9,7,6,3.80919559271954,2.0490725301397,0.361810251529293
"tcatcaatcaggtaagagtc",0,0,9,4,11,11,3.80919559271954,9.22082638562864,0.99239383276606
"tcatcgcccgcattatataa",3,7,18,3,7,1,0.761839118543909,0.768402198802387,0.087052090593514
"tcatgcgttaatagctgcgt",10,5,26,21,27,26,1.52367823708782,3.58587692774447,0.826994860638383
"tcattcctgcttttaccagg",9,3,15,8,18,13,0.685655206689518,3.64991044431134,0.723620503058585
"tcatttttaccacctttatc",34,6,13,5,13,5,0.130600991750384,1.53680439760477,0.354426368845021
"tccataatcgctgttgttga",5,16,28,2,3,0,0.380919559271954,0.180800517365267,0.0285170641599443
"tccatcgggacagcccggat",25,0,9,9,13,17,0.293015045593811,10.7576307832334,1.48859074914909
"tcccacaccataattatctc",12,3,19,5,5,2,0.351618054712573,1.15260329820358,0.124049229095757
"tcccggcgaccatcgcgtca",5,0,8,11,16,13,1.52367823708782,13.0628373796406,1.28643644988193
"tcccgggaatacatgtccac",39,4,36,39,32,28,0.761839118543909,5.07145451209575,0.648185161040895
"tcccgtgatttcttactaac",0,1,5,0,5,2,0.761839118543909,2.30520659640716,0.413497430319192
"tccctgttcgctattactgt",8,0,5,2,6,8,0.25394637284797,5.37881539161671,1.24049229095757
"tccggccgaaggctccaaaa",1,2,14,6,14,15,2.66643691490368,3.84201099401193,0.882127851347609
"tccgtttattaaattactca",2,2,9,1,3,2,0.507892745695939,1.02453626506985,0.248098458191515
"tcctcgcggtaaataatatg",5,2,4,2,2,0,0.380919559271954,0.768402198802387,0.165398972127677
"tcctgaactgataggctacc",19,17,55,35,41,15,1.37131041337904,1.79293846387224,0.236284245896681
"tcgaatcactataacgcaaa",0,4,19,7,19,8,6.09471294835127,3.07360879520955,0.372147687287272
"tcgccatcggcacggctcat",12,4,28,34,29,36,2.05110531915668,4.61041319281432,1.05513137391794
"tcgccgcattttttgtcaat",19,1,35,8,14,11,0.342827603344759,5.7630164910179,0.275664953546128
"tcgcgttgttgcacagtgac",0,3,10,3,16,4,3.04735647417563,3.26570934491014,0.375906754835629
"tcgggcttgcccttattaag",0,2,11,1,15,10,1.52367823708782,4.0981450602794,0.758078622251851
"tcgggggaatgatagatttg",4,1,20,2,7,6,0.457103471126345,3.07360879520955,0.275664953546128
"tcgggggcgcatttactccc",41,8,40,63,59,58,1.16089770444786,5.12268132534924,1.19006577506499
"tcgtaatggattgagaatgc",7,1,12,9,13,7,0.952298898179886,5.37881539161671,0.508919914239005
"tcgtggtatgctcaaaggtc",16,3,24,32,25,30,1.47886417129112,4.99461429221551,1.0254736271916
"tctacaccgcctggtgttac",5,1,12,11,17,14,1.52367823708782,6.91561978922148,0.954224839198135
"tctcctttttcaaagcatag",0,4,4,1,7,0,1.52367823708782,1.22944351808382,0.165398972127677
"tctgcgagtgctgttcgtcg",0,2,22,18,12,16,14.4749432523343,3.32974286147701,0.611257070906631
"tctgcgcaagatcatgttac",0,0,5,3,0,0,3.04735647417563,0.768402198802387,0.137832476773064
"tctggtgaagttgcagcgaa",8,1,13,10,11,17,0.931136700442555,4.61041319281432,1.06327910653506
"tctgtaattgttatgtctta",7,2,9,3,7,5,0.380919559271954,2.0490725301397,0.49619691638303
"tctgtgctgcctattattta",5,1,6,1,3,2,0.25394637284797,1.53680439760477,0.354426368845021
"tcttatctcacgatttaaca",0,2,6,0,4,0,0.761839118543909,1.28067033133731,0.11814212294834
"tcttcccggttttttgaaaa",33,10,32,9,11,7,0.224070328983503,0.838256944148058,0.200483602579002
"tcttcccgtgctaaaatacc",17,2,9,3,11,7,0.169297581898646,3.07360879520955,0.661595888510707
"tctttatataatttgggggt",0,0,1,0,2,0,0.761839118543909,2.30520659640716,0.413497430319192
"tctttcaatctgattagatt",13,1,7,2,4,0,0.16325123968798,1.92100549700597,0.103374357579798
"tgaaaaaagaaaccgatatc",0,0,6,5,3,3,4.57103471126345,3.07360879520955,0.472568491793362
"tgaaaaactgaaagaagtga",0,0,1,2,7,2,2.28551735563173,6.14721759041909,1.24049229095757
"tgaaaaccgcccgccaattc",5,1,15,8,12,11,1.14275867781586,4.99461429221551,0.620246145478787
"tgaaagtatgcaccgggcgc",5,3,13,5,13,4,0.761839118543909,2.68940769580835,0.295355307370851
"tgaaatcatcctcgccttgc",8,0,2,7,13,6,0.677190327594586,10.7576307832334,1.92965467482289
"tgaaattcagcacttcattg",16,2,5,2,10,3,0.134442197390102,2.81747472894208,0.551329907092256
"tgaagcaatggaaaaaatac",0,0,6,0,5,3,0.761839118543909,4.61041319281432,0.472568491793362
"tgaataaagcaggtattccg",11,0,7,2,4,3,0.190459779635977,3.84201099401193,0.413497430319192
"tgagcaccgatacgcattgt",15,4,18,18,18,10,0.904683953270892,2.91992835544907,0.478786498264327
"tgagcgaggcgctggaaacc",29,0,17,15,18,12,0.406314196556751,14.5996417772453,0.59727406601661
"tgaggatttctaccgtaatc",13,1,8,8,11,7,0.489753719063941,4.61041319281432,0.735106542789674
"tgatacccacctacagtttt",0,1,12,9,7,9,7.61839118543909,3.07360879520955,0.636149892798756
"tgatcgtctggaacagcgtc",7,11,9,6,10,0,0.66660922872592,0.704368682235521,0.0826994860638383
"tgatgatttttgtcagagcc",1,1,7,5,6,0,2.28551735563173,2.68940769580835,0.103374357579798
"tgattaacaggaacttatca",0,1,12,4,3,2,3.80919559271954,1.53680439760477,0.190844967839627
"tgattattatctggactggc",10,1,3,3,6,1,0.27703240674324,2.68940769580835,0.413497430319192
"tgattgtgattaacccgccg",24,8,27,24,41,26,0.761839118543909,3.58587692774447,0.797459329901298
"tgattttatttccacgcaaa",16,0,6,0,4,3,0.0448140657967005,3.84201099401193,0.472568491793362
"tgcaaaaaaccccggcctta",34,7,53,16,23,34,0.370036143292756,2.30520659640716,0.536015187450804
"tgcaacattattcagtgtca",5,1,10,3,19,8,0.507892745695939,7.68402198802387,0.676632158704132
"tgcactaataaaaacagggc",10,0,9,10,10,8,0.761839118543909,8.45242418682625,0.744295374574545
"tgccacctcgggcgtagcgc",0,4,10,8,9,3,6.85655206689518,1.53680439760477,0.300725403868503
"tgccggacacaaaggataag",6,16,66,20,23,12,2.28551735563173,1.0848031041916,0.160461689377597
"tgccggagcttctggagcgt",0,0,5,9,8,3,7.61839118543909,6.91561978922148,0.551329907092256
"tgcctttttcaaaataaatt",3,0,2,1,2,1,0.380919559271954,2.30520659640716,0.551329907092256
"tgcgatcgggtatactcggg",10,3,19,14,31,33,1.03887152528715,6.14721759041909,1.40589126308525
"tgcgatctgcttcactaaag",2,1,10,4,15,11,1.26973186423985,6.14721759041909,0.902176211605509
"tgcgcagtggtcagattatg",10,16,29,14,13,4,1.03887152528715,0.632801810778436,0.137832476773064
"tgcgcctgtttccggatcgc",9,0,18,8,7,9,0.685655206689518,6.14721759041909,0.43526045296757
"tgcgttcggcgcgtaagcca",0,4,13,9,27,14,7.61839118543909,4.30305231329337,0.886065922112554
"tgcttagcaaaaattgccag",0,2,9,6,7,3,5.33287382980736,2.0490725301397,0.330797944255353
"tgcttttgccatccgctaca",0,0,6,5,11,3,4.57103471126345,9.22082638562864,0.472568491793362
"tggaaaacgtgcggcgcgtt",0,0,9,4,4,8,3.80919559271954,3.84201099401193,0.744295374574545
"tggaatatcagaattatggc",7,5,20,1,12,4,0.190459779635977,1.6648714307385,0.196903538247234
"tggacgataagcaccgtaaa",9,0,6,5,5,4,0.457103471126345,4.61041319281432,0.590710614741702
"tggcaatatcataaatagta",14,5,12,2,11,3,0.152367823708782,1.53680439760477,0.254459957119503
"tggcacccgcagtactgagc",44,25,108,69,50,48,1.18508307329052,1.5072504668816,0.371768331846613
"tggcagaagagatcatctac",0,0,3,10,11,2,8.380230303983,9.22082638562864,0.620246145478787
"tggcagtaaatattcgttca",3,3,6,1,3,0,0.380919559271954,0.768402198802387,0.11814212294834
"tggcatggtgtaattctatg",19,11,18,8,15,4,0.342827603344759,1.02453626506985,0.217630226483785
"tggcctgccagaaattctgg",11,0,15,8,9,14,0.571379338907932,7.68402198802387,0.775307681848484
"tggcgatcccgcactttgtc",5,2,19,23,8,11,3.04735647417563,2.30520659640716,0.49619691638303
"tggcgggcgtatctcactca",4,2,3,3,3,0,0.609471294835127,1.02453626506985,0.206748715159596
"tggctgttaattatcctaaa",6,0,10,0,4,1,0.108834159791987,3.84201099401193,0.150362701934252
"tgggaatgagggcaagttaa",27,7,11,9,19,5,0.272085399479967,1.92100549700597,0.413497430319192
"tgggagaaagggggtgatcg",1,2,16,9,16,16,3.80919559271954,4.35427912654686,0.826994860638383
"tggttaagtaagtctggcgt",0,2,9,0,8,3,0.761839118543909,2.30520659640716,0.330797944255353
"tggtttaccgggcagacgcg",8,0,6,9,14,15,0.846487909493232,11.5260329820358,1.89027396717345
"tgtaaaacaacgtaaagtca",3,4,19,3,6,5,0.761839118543909,1.07576307832334,0.248098458191515
"tgtactatttacaaaaccta",14,3,3,1,9,1,0.101578549139188,1.92100549700597,0.413497430319192
"tgtatgttacgcgttttaaa",2,0,7,3,5,2,1.01578549139188,4.61041319281432,0.310123072739394
"tgtattcccgtcctgcagtt",5,0,7,0,1,2,0.126973186423985,1.53680439760477,0.310123072739394
"tgtcagctatctatacttta",4,0,2,1,5,1,0.304735647417563,4.61041319281432,0.551329907092256
"tgtctagtaacacgaattag",19,0,7,4,14,12,0.190459779635977,11.5260329820358,1.34386664853737
"tgtgttagaattctaacata",16,1,4,0,1,0,0.0448140657967005,0.768402198802387,0.165398972127677
"tgttaaaatgccaaatttcc",4,0,1,1,6,0,0.304735647417563,5.37881539161671,0.413497430319192
"tgttaattttttatttccac",2,0,1,1,2,0,0.507892745695939,2.30520659640716,0.413497430319192
"tgttagcggacacgaaaacc",10,4,29,18,31,43,1.31590393203039,4.91777407233528,1.21292579560296
"tgttataggcacacatggtt",0,3,13,6,8,6,5.33287382980736,1.72890494730537,0.413497430319192
"tgttcactgcggtgaacagc",0,2,10,12,23,15,9.90390854107081,6.14721759041909,1.20290161547401
"tgttctgttggaaggtgttc",0,0,3,1,1,0,1.52367823708782,1.53680439760477,0.206748715159596
"tgttgaaaaggcaccgccgc",0,0,5,5,3,1,4.57103471126345,3.07360879520955,0.275664953546128
"tgtttgcaattatttgccac",0,0,4,1,4,1,1.52367823708782,3.84201099401193,0.330797944255353
"tgttttcaatgatattaagc",5,1,5,1,3,0,0.25394637284797,1.53680439760477,0.137832476773064
"ttaaaactggcgattcgtaa",21,1,24,6,19,25,0.242403355900335,7.68402198802387,0.860074655063919
"ttaaaattgcatgaacttgt",10,0,5,2,4,5,0.20777430505743,3.84201099401193,0.826994860638383
"ttaaagcctttatcattttg",7,0,3,0,6,1,0.0952298898179886,5.37881539161671,0.413497430319192
"ttaaccactgcgtgcattgg",0,0,1,0,3,0,0.761839118543909,3.07360879520955,0.413497430319192
"ttaacgacaatgactatagg",8,0,6,3,4,6,0.338595163797293,3.84201099401193,0.826994860638383
"ttaactggcctgtcaggcag",12,6,26,28,30,22,1.6994872644441,3.40292402326771,0.704477103506771
"ttaagtctcaaattttcaaa",1,0,2,0,2,0,0.380919559271954,2.30520659640716,0.275664953546128
"ttaataaatttttcgacacc",6,0,2,0,3,1,0.108834159791987,3.07360879520955,0.551329907092256
"ttaatgatggcactttccgt",6,0,6,2,4,6,0.326502479375961,3.84201099401193,0.826994860638383
"ttaattcagagttatatacc",0,0,2,0,6,2,0.761839118543909,5.37881539161671,0.826994860638383
"ttaattcgccatcagcattt",6,2,9,9,6,2,1.08834159791987,1.79293846387224,0.248098458191515
"ttaccccgtccacttcaggc",11,4,9,8,12,5,0.571379338907932,1.99784571688621,0.49619691638303
"ttactaccaacggtaaaaat",15,5,11,5,13,2,0.285689669453966,1.79293846387224,0.206748715159596
"ttaggtcgtatgccgtacaa",0,4,17,11,13,10,9.14206942252691,2.15152615664668,0.505385748167901
"ttagtacttcccccaataat",11,2,9,2,3,1,0.190459779635977,1.02453626506985,0.165398972127677
"ttagtgagtaagggtaaggg",6,0,10,8,11,15,0.979507438127883,9.22082638562864,1.20290161547401
"ttatacacaaaatgcgggtc",3,0,0,3,5,0,0.761839118543909,4.61041319281432,0.826994860638383
"ttatacccagccattgaata",0,0,3,1,1,0,1.52367823708782,1.53680439760477,0.206748715159596
"ttatagtcagttaacgaccc",10,4,13,16,15,8,1.17738772865877,2.45888703616764,0.531639553267532
"ttatataccgtttggtgatt",4,0,3,0,3,2,0.152367823708782,3.07360879520955,0.620246145478787
"ttatcattagagtgacaact",20,2,7,4,14,8,0.181390266319978,3.84201099401193,0.930369218218181
"ttatccgccgttcagttttc",6,2,19,6,8,2,0.761839118543909,2.30520659640716,0.124049229095757
"ttatcgcaagcgtctggaag",2,3,12,7,14,6,2.03157098278376,2.88150824550895,0.445304924959129
"ttatttccaccagcaggcgg",12,1,5,8,8,3,0.52742708206886,3.45780989461074,0.551329907092256
"ttcaaaaaatccggaagtgc",0,0,3,7,3,0,6.09471294835127,3.07360879520955,0.206748715159596
"ttcaaaatagctgaagataa",3,3,13,2,3,0,0.571379338907932,0.768402198802387,0.0590710614741702
"ttcaaattagaaatgttgtg",10,1,7,3,2,1,0.27703240674324,1.15260329820358,0.206748715159596
"ttcaacgaaagaagcattgt",0,0,2,3,2,1,3.04735647417563,2.30520659640716,0.551329907092256
"ttcaataaggcaagacgatc",0,0,8,2,4,5,2.28551735563173,3.84201099401193,0.551329907092255
"ttcagatttggactattcct",14,4,18,8,12,10,0.457103471126345,1.99784571688621,0.478786498264327
"ttcagtatgaaggagtcagg",0,0,1,1,2,0,1.52367823708782,2.30520659640716,0.413497430319192
"ttcataacgaccttcttttt",0,3,9,1,8,2,1.52367823708782,1.72890494730537,0.248098458191515
"ttcatatcattgagggcctg",1,1,14,7,13,11,3.04735647417563,5.37881539161671,0.661595888510707
"ttcatccaagtgacaagttt",26,37,89,44,84,42,1.26973186423985,1.71879439205797,0.39511976674945
"ttcattatgggtgagcaatc",19,2,16,23,26,21,0.91420694225269,6.91561978922148,1.07022864317908
"ttcatttaatcatcttttat",3,0,1,0,2,0,0.190459779635977,2.30520659640716,0.413497430319192
"ttccatttctcaatgaatca",2,4,8,3,4,0,1.01578549139188,0.768402198802387,0.0918883178487093
"ttcccaatctgtattcttct",6,0,10,2,10,9,0.326502479375961,8.45242418682625,0.751813509671257
"ttcggagactattctggaaa",2,0,6,2,3,1,0.761839118543909,3.07360879520955,0.236284245896681
"ttcggggcggtttttttaca",11,4,16,5,16,11,0.380919559271954,2.61256747592811,0.583761078097682
"ttcgttctcaatttatccac",10,1,9,5,15,14,0.415548610114859,6.14721759041909,1.24049229095758
"ttcgttttaatggccgatcg",0,0,0,3,4,0,3.04735647417563,3.84201099401193,0.826994860638383
"ttctacgtgtgctgtagtgc",36,6,39,41,39,41,0.864790350779572,4.39086970744221,0.868344603670303
"ttctccacaaaggaatgtag",8,1,9,6,10,5,0.592541536645262,4.22621209341313,0.49619691638303
"ttctctggtgcaatcttaaa",0,0,5,1,1,0,1.52367823708782,1.53680439760477,0.137832476773064
"ttctgaaaatcatttgttaa",9,0,8,1,3,3,0.152367823708782,3.07360879520955,0.367553271394837
"ttctgacggaagatatagat",13,1,5,6,6,3,0.380919559271954,2.68940769580835,0.551329907092256
"ttcttaagggaacgataagg",27,7,20,5,25,14,0.16325123968798,2.49730714610776,0.590710614741702
"ttctttaaaggcgatatgat",2,0,5,1,13,5,0.507892745695939,10.7576307832334,0.826994860638383
"ttgaaaaataataacgtgat",3,0,3,1,4,2,0.380919559271954,3.84201099401193,0.620246145478787
"ttgaacaggatcacacgcgt",0,1,8,7,15,12,6.09471294835127,6.14721759041909,1.19454813203322
"ttgacggcagttatgattcg",28,0,28,15,22,30,0.420325030920777,17.6732505724549,0.884028988958272
"ttgagcaacattgacaataa",27,13,15,3,15,0,0.108834159791987,0.878173941488442,0.051687178789899
"ttgatttgatgctaatcctg",0,0,1,2,7,2,2.28551735563173,6.14721759041909,1.24049229095757
"ttgcagatgccaggtaacat",0,1,5,0,2,1,0.761839118543909,1.15260329820358,0.275664953546128
"ttgccagagtagttttagcc",12,0,15,5,7,17,0.351618054712573,6.14721759041909,0.930369218218181
"ttgctcaaggaaatggcgaa",0,0,10,10,4,5,8.380230303983,3.84201099401193,0.451088105802755
"ttgtcatcgccgcatttgcc",31,7,53,30,38,42,0.738031646089412,3.74596071916163,0.658532944582416
"ttgtggatattttacgcttc",0,0,1,1,6,1,1.52367823708782,5.37881539161671,0.826994860638383
"ttgttaacgctgcgttacga",17,4,34,30,35,31,1.31205625971451,5.53249583137718,0.756109586869379
"ttgttataggcacacatggt",17,0,7,5,7,3,0.25394637284797,6.14721759041909,0.413497430319192
"ttgttatcatgctaaccacc",4,0,5,1,8,1,0.304735647417563,6.91561978922148,0.275664953546128
"tttaaaacttcttttacctg",6,2,7,3,13,4,0.435336639167948,3.58587692774447,0.516871787898989
"tttaaagatgtgtttaattc",9,2,9,1,7,2,0.152367823708782,2.0490725301397,0.248098458191515
"tttaaataatttcgatttcc",4,0,1,0,2,0,0.152367823708782,2.30520659640716,0.413497430319192
"tttaacagattaatcaatag",14,1,3,2,4,0,0.152367823708782,1.92100549700597,0.206748715159596
"tttaagcagatggtgaacct",18,0,13,4,13,15,0.200483978564187,10.7576307832334,0.945136983586724
"tttaatcatcacccgccacg",17,6,32,22,33,34,0.973461095917217,3.73223925132588,0.877115761283134
"tttaattttgttggttttac",12,3,3,0,4,0,0.0586030091187622,0.960502748502983,0.206748715159596
"tttactgtggttttcagtaa",4,2,3,2,6,1,0.457103471126345,1.79293846387224,0.413497430319192
"tttagtccacaaattgaaca",23,3,19,10,18,19,0.349176262665958,3.64991044431134,0.826994860638383
"tttattatcagttgttgtca",2,2,5,2,7,2,0.761839118543909,2.0490725301397,0.413497430319192
"tttattgcattcaacaagtc",0,0,7,1,3,3,1.52367823708782,3.07360879520955,0.413497430319192
"tttcacaacttcatagtgtc",0,6,14,7,12,5,6.09471294835127,1.42703265491872,0.330797944255353
"tttcaggaactgggcgtaac",11,4,28,25,30,13,1.6506514235118,4.7640936325748,0.39923889823922
"tttcatggttaatcctccag",7,2,5,3,13,3,0.380919559271954,3.58587692774447,0.551329907092256
"tttcgaggagatcattccag",3,3,17,7,28,18,1.52367823708782,5.5709159413173,0.872939019562738
"tttcgttttgatctgtgcag",0,12,24,16,22,8,12.9512650152465,1.35948081326576,0.297718149829818
"tttctaagaattttccatcc",5,1,2,1,6,1,0.25394637284797,2.68940769580835,0.551329907092256
"tttctgctttctatcatcgc",0,0,2,1,4,1,1.52367823708782,3.84201099401193,0.551329907092256
"tttctttttttctccataat",1,2,2,0,5,0,0.380919559271954,1.53680439760477,0.275664953546128
"tttgaaattatatgatcacc",0,4,4,0,5,0,0.761839118543909,0.922082638562864,0.165398972127677
"tttgaagtccccaaccccaa",7,5,38,22,33,21,2.19028746581374,4.35427912654686,0.466509921385755
"tttgcacacttaaatactgg",51,11,75,29,44,46,0.439522568390717,2.88150824550895,0.511431032236895
"tttgcgtaattttcagccaa",31,2,14,16,17,12,0.404727031726452,4.61041319281432,0.716728879219932
"tttgctcaaggaaatggcga",0,1,6,6,9,3,5.33287382980736,3.84201099401193,0.472568491793362
"tttggcatgtagcgtacttc",0,2,6,6,3,1,5.33287382980736,1.02453626506985,0.236284245896681
"tttgtaaatataaccgtctc",2,0,3,0,3,0,0.25394637284797,3.07360879520955,0.206748715159596
"tttgtatgtttgaactgtga",15,3,12,2,12,7,0.142844834726983,2.49730714610776,0.508919914239005
"ttttatcaccagaataaagc",9,0,5,1,5,4,0.152367823708782,4.61041319281432,0.689162383865319
"ttttattctgttttttcgca",4,0,2,0,4,0,0.152367823708782,3.84201099401193,0.275664953546128
"ttttctaccgctattgaggt",0,0,5,0,1,0,0.761839118543909,1.53680439760477,0.137832476773064
"ttttcttatctacctcacaa",0,0,2,2,4,2,2.28551735563173,3.84201099401193,0.826994860638383
"ttttgcacctcatttaaatt",3,2,5,1,5,1,0.380919559271954,1.53680439760477,0.275664953546128
"ttttggcggcaaaacgccca",0,0,6,1,4,6,1.52367823708782,3.84201099401193,0.826994860638383
"ttttgttcgacctctgttaa",7,5,21,10,14,11,1.04752878799787,1.92100549700597,0.451088105802755
"tttttgactaaagtttcttt",1,0,4,0,4,1,0.380919559271954,3.84201099401193,0.330797944255353
"tttttgagtgaaatccatac",32,2,9,9,7,5,0.2308603389527,2.0490725301397,0.49619691638303
"ttttttgttattacagccgt",6,0,2,1,6,0,0.217668319583974,5.37881539161671,0.275664953546128
"tttttttagcgcaacatttg",8,2,9,2,10,4,0.25394637284797,2.81747472894208,0.413497430319192
